country,region,region_regime,regime_binary,predictor,outcome,outcome_label,slope,se,p_value,sig,formatted_slope,model_n
Austria,West,Western democracies,Democracy,democracy_rights_liberal,ascriptive_membership,Closed/ascriptive national membership,-0.28190717814952393,0.05088201448337821,3.912818568781942e-08,***,-0.28***,951
Austria,West,Western democracies,Democracy,democracy_rights_liberal,civic_membership,Civic national membership,-0.041543740097363724,0.0493981096518349,0.40056260807819605,,-0.04,946
Austria,West,Western democracies,Democracy,democracy_rights_liberal,national_superiority,National superiority and unconditional support,-0.13467644019865865,0.05070297639411115,0.008037620160110469,**,-0.13**,941
Austria,West,Western democracies,Democracy,democracy_rights_liberal,nation_state_self_determination,Every nation should have its own state,0.03744801369446904,0.08282642685996516,0.6512969238106403,,0.04,830
Austria,West,Western democracies,Democracy,democracy_rights_liberal,protective_sovereignty,Protectionist/sovereigntist nationalism,-0.08398661651383499,0.04777370550323104,0.079069302279484,,-0.08,952
Austria,West,Western democracies,Democracy,democracy_rights_liberal,anti_immigrant_exclusion,Anti-immigrant exclusion,-0.20350564325403298,0.05848039740052411,0.0005245044016269623,***,-0.20***,952
Austria,West,Western democracies,Democracy,democracy_rights_liberal,national_pride_non_democracy,"National pride, excluding pride in democracy",-0.016120394938241134,0.0442450787958865,0.7156841017783946,,-0.02,941
Austria,West,Western democracies,Democracy,democracy_rights_liberal,pride_democracy,Pride in the way democracy works,-0.05644368776968456,0.0694530082871597,0.41660995018630786,,-0.06,912
Austria,West,Western democracies,Democracy,democracy_works_today,ascriptive_membership,Closed/ascriptive national membership,0.02514367497703196,0.04978210398252026,0.6136265100327059,,0.03,933
Austria,West,Western democracies,Democracy,democracy_works_today,civic_membership,Civic national membership,0.07271691108029632,0.04309837575463852,0.0918972064692679,,0.07,928
Austria,West,Western democracies,Democracy,democracy_works_today,national_superiority,National superiority and unconditional support,0.07686140933342056,0.031833024186927,0.015950489352167113,*,0.08*,925
Austria,West,Western democracies,Democracy,democracy_works_today,nation_state_self_determination,Every nation should have its own state,-0.06030277346622093,0.0663683537094572,0.36382768504058255,,-0.06,816
Austria,West,Western democracies,Democracy,democracy_works_today,protective_sovereignty,Protectionist/sovereigntist nationalism,-0.14260488669546056,0.03142329059584013,6.41899998793867e-06,***,-0.14***,934
Austria,West,Western democracies,Democracy,democracy_works_today,anti_immigrant_exclusion,Anti-immigrant exclusion,-0.1569574759149459,0.04140376909871011,0.00015979736100595672,***,-0.16***,934
Austria,West,Western democracies,Democracy,democracy_works_today,national_pride_non_democracy,"National pride, excluding pride in democracy",0.19746936978232377,0.034295963365090824,1.1616438067001832e-08,***,0.20***,924
Austria,West,Western democracies,Democracy,democracy_works_today,pride_democracy,Pride in the way democracy works,0.6981924566628894,0.03816639808942118,9.574290529100798e-64,***,0.70***,900
Australia,West,Western democracies,Democracy,democracy_rights_liberal,ascriptive_membership,Closed/ascriptive national membership,-0.09148156209502822,0.0618017063522088,0.13922273466529758,,-0.09,766
Australia,West,Western democracies,Democracy,democracy_rights_liberal,civic_membership,Civic national membership,-0.16284637414537784,0.05170693811157747,0.0017002876352963968,**,-0.16**,763
Australia,West,Western democracies,Democracy,democracy_rights_liberal,national_superiority,National superiority and unconditional support,-0.06352197415790428,0.051842720950373976,0.22085042723024434,,-0.06,762
Australia,West,Western democracies,Democracy,democracy_rights_liberal,nation_state_self_determination,Every nation should have its own state,-0.10712614233332474,0.08782168565896271,0.2229352668732475,,-0.11,725
Australia,West,Western democracies,Democracy,democracy_rights_liberal,protective_sovereignty,Protectionist/sovereigntist nationalism,-0.026237583299216993,0.04250274245354484,0.53721281110934,,-0.03,762
Australia,West,Western democracies,Democracy,democracy_rights_liberal,anti_immigrant_exclusion,Anti-immigrant exclusion,-0.3130398855520191,0.047594132627011204,8.80956086347549e-11,***,-0.31***,781
Australia,West,Western democracies,Democracy,democracy_rights_liberal,national_pride_non_democracy,"National pride, excluding pride in democracy",-0.1084698309655252,0.055717767807586555,0.05193299660576282,,-0.11,760
Australia,West,Western democracies,Democracy,democracy_rights_liberal,pride_democracy,Pride in the way democracy works,-0.08608997832853404,0.0810452208602772,0.2884718729614975,,-0.09,743
Australia,West,Western democracies,Democracy,democracy_works_today,ascriptive_membership,Closed/ascriptive national membership,-0.03190744106400034,0.047521520906387275,0.5021530473140245,,-0.03,754
Australia,West,Western democracies,Democracy,democracy_works_today,civic_membership,Civic national membership,0.13043735501884512,0.054246812814313636,0.016436945208694573,*,0.13*,751
Australia,West,Western democracies,Democracy,democracy_works_today,national_superiority,National superiority and unconditional support,0.1137427309602721,0.035734063935500084,0.0015180440227169328,**,0.11**,750
Australia,West,Western democracies,Democracy,democracy_works_today,nation_state_self_determination,Every nation should have its own state,-0.12131159902109268,0.09250016573941473,0.1901232717855058,,-0.12,713
Australia,West,Western democracies,Democracy,democracy_works_today,protective_sovereignty,Protectionist/sovereigntist nationalism,-0.07417042573447219,0.04356978105643161,0.0891100394527851,,-0.07,750
Australia,West,Western democracies,Democracy,democracy_works_today,anti_immigrant_exclusion,Anti-immigrant exclusion,-0.13144134640321514,0.05440041385565397,0.01591798333331781,*,-0.13*,769
Australia,West,Western democracies,Democracy,democracy_works_today,national_pride_non_democracy,"National pride, excluding pride in democracy",0.26350494186219997,0.04620922198431929,1.705421370813662e-08,***,0.26***,748
Australia,West,Western democracies,Democracy,democracy_works_today,pride_democracy,Pride in the way democracy works,0.6883121066477553,0.06078437080741328,1.666476263400222e-27,***,0.69***,738
Canada,West,Western democracies,Democracy,democracy_rights_liberal,ascriptive_membership,Closed/ascriptive national membership,-0.09711954290003977,0.04397657826721814,0.027327666328784847,*,-0.10*,1991
Canada,West,Western democracies,Democracy,democracy_rights_liberal,civic_membership,Civic national membership,-0.08852635819577159,0.03524894242162957,0.012102077944683902,*,-0.09*,1991
Canada,West,Western democracies,Democracy,democracy_rights_liberal,national_superiority,National superiority and unconditional support,-0.15920351186457538,0.032719709814139575,1.2305707086731383e-06,***,-0.16***,1991
Canada,West,Western democracies,Democracy,democracy_rights_liberal,nation_state_self_determination,Every nation should have its own state,0.09615832001417246,0.05142151230980043,0.061643029742095276,,0.10,1837
Canada,West,Western democracies,Democracy,democracy_rights_liberal,protective_sovereignty,Protectionist/sovereigntist nationalism,0.030472650943337953,0.0274590603081525,0.2672418382275743,,0.03,1991
Canada,West,Western democracies,Democracy,democracy_rights_liberal,anti_immigrant_exclusion,Anti-immigrant exclusion,-0.1773468904659694,0.03718725646885571,1.985952650881982e-06,***,-0.18***,1991
Canada,West,Western democracies,Democracy,democracy_rights_liberal,national_pride_non_democracy,"National pride, excluding pride in democracy",-0.022195878848016548,0.03616103283971854,0.5394135716653883,,-0.02,1989
Canada,West,Western democracies,Democracy,democracy_rights_liberal,pride_democracy,Pride in the way democracy works,-0.13338139728974951,0.049638084499363785,0.007268620085310471,**,-0.13**,1976
Canada,West,Western democracies,Democracy,democracy_works_today,ascriptive_membership,Closed/ascriptive national membership,-0.08965464949116875,0.03350653427342243,0.007517811430244822,**,-0.09**,1991
Canada,West,Western democracies,Democracy,democracy_works_today,civic_membership,Civic national membership,0.0942000972161825,0.021357134749214423,1.0854812676450049e-05,***,0.09***,1991
Canada,West,Western democracies,Democracy,democracy_works_today,national_superiority,National superiority and unconditional support,0.21940778353356816,0.022001469590794735,6.884905510307637e-23,***,0.22***,1991
Canada,West,Western democracies,Democracy,democracy_works_today,nation_state_self_determination,Every nation should have its own state,-0.0023530737380497158,0.03150945720805226,0.9404787959569756,,-0.00,1839
Canada,West,Western democracies,Democracy,democracy_works_today,protective_sovereignty,Protectionist/sovereigntist nationalism,-0.08466112606046128,0.017953429160997392,2.5777985157992763e-06,***,-0.08***,1991
Canada,West,Western democracies,Democracy,democracy_works_today,anti_immigrant_exclusion,Anti-immigrant exclusion,-0.27395491673568007,0.0223593414288287,2.5247878041575467e-33,***,-0.27***,1991
Canada,West,Western democracies,Democracy,democracy_works_today,national_pride_non_democracy,"National pride, excluding pride in democracy",0.34873877239768625,0.020498111670464475,1.0730883302808892e-60,***,0.35***,1989
Canada,West,Western democracies,Democracy,democracy_works_today,pride_democracy,Pride in the way democracy works,0.735892894412931,0.028454930648137717,3.246697364362956e-127,***,0.74***,1976
Switzerland,West,Western democracies,Democracy,democracy_rights_liberal,ascriptive_membership,Closed/ascriptive national membership,-0.08839047162849845,0.024310248221935806,0.00028206157166248635,***,-0.09***,2753
Switzerland,West,Western democracies,Democracy,democracy_rights_liberal,civic_membership,Civic national membership,-0.07418181986434291,0.018295940643708996,5.162663625125883e-05,***,-0.07***,2754
Switzerland,West,Western democracies,Democracy,democracy_rights_liberal,national_superiority,National superiority and unconditional support,-0.06283375135173586,0.018699153597801787,0.0007893947203563853,***,-0.06***,2747
Switzerland,West,Western democracies,Democracy,democracy_rights_liberal,nation_state_self_determination,Every nation should have its own state,0.07697635863923935,0.027041998107473545,0.004453596798211091,**,0.08**,2656
Switzerland,West,Western democracies,Democracy,democracy_rights_liberal,protective_sovereignty,Protectionist/sovereigntist nationalism,-0.002632431191885942,0.016699280545086355,0.8747541030264456,,-0.00,2756
Switzerland,West,Western democracies,Democracy,democracy_rights_liberal,anti_immigrant_exclusion,Anti-immigrant exclusion,-0.13656236650354714,0.018457095120837846,1.8146896834848592e-13,***,-0.14***,2754
Switzerland,West,Western democracies,Democracy,democracy_rights_liberal,national_pride_non_democracy,"National pride, excluding pride in democracy",-0.004790297269970267,0.018441518996073523,0.7950714722982428,,-0.00,2739
Switzerland,West,Western democracies,Democracy,democracy_rights_liberal,pride_democracy,Pride in the way democracy works,-0.00472227576697648,0.02488641748355025,0.8495168864248991,,-0.00,2698
Switzerland,West,Western democracies,Democracy,democracy_works_today,ascriptive_membership,Closed/ascriptive national membership,-0.07757710813401708,0.02465244089900688,0.001668413134970786,**,-0.08**,2716
Switzerland,West,Western democracies,Democracy,democracy_works_today,civic_membership,Civic national membership,0.1881918634590356,0.021600339038327674,5.079340447007211e-18,***,0.19***,2717
Switzerland,West,Western democracies,Democracy,democracy_works_today,national_superiority,National superiority and unconditional support,0.14702366761947339,0.02010321219535484,3.4135967654241213e-13,***,0.15***,2710
Switzerland,West,Western democracies,Democracy,democracy_works_today,nation_state_self_determination,Every nation should have its own state,0.034039299722239846,0.028973098257497092,0.2401580525224687,,0.03,2624
Switzerland,West,Western democracies,Democracy,democracy_works_today,protective_sovereignty,Protectionist/sovereigntist nationalism,-0.11512313109787975,0.01730096699331958,3.4345547931899375e-11,***,-0.12***,2719
Switzerland,West,Western democracies,Democracy,democracy_works_today,anti_immigrant_exclusion,Anti-immigrant exclusion,-0.15895425203314062,0.01956352915959934,6.722017055664007e-16,***,-0.16***,2717
Switzerland,West,Western democracies,Democracy,democracy_works_today,national_pride_non_democracy,"National pride, excluding pride in democracy",0.25967368508482735,0.019964051419415714,1.4658502968878637e-37,***,0.26***,2705
Switzerland,West,Western democracies,Democracy,democracy_works_today,pride_democracy,Pride in the way democracy works,0.6319055591606215,0.02489621529630776,1.8990624546249054e-127,***,0.63***,2665
Germany,West,Western democracies,Democracy,democracy_rights_liberal,ascriptive_membership,Closed/ascriptive national membership,-0.10595721147462811,0.04368689491000682,0.015429616531196625,*,-0.11*,1290
Germany,West,Western democracies,Democracy,democracy_rights_liberal,civic_membership,Civic national membership,-0.024041345559169258,0.04034415981642875,0.5513434005232632,,-0.02,1282
Germany,West,Western democracies,Democracy,democracy_rights_liberal,national_superiority,National superiority and unconditional support,-0.11449282600854005,0.04308439876277069,0.007972959908014325,**,-0.11**,1279
Germany,West,Western democracies,Democracy,democracy_rights_liberal,nation_state_self_determination,Every nation should have its own state,-0.012651769905158261,0.06767557430190674,0.8517339886026166,,-0.01,1188
Germany,West,Western democracies,Democracy,democracy_rights_liberal,protective_sovereignty,Protectionist/sovereigntist nationalism,-0.07298163395585178,0.03485850096619963,0.036487180471137304,*,-0.07*,1286
Germany,West,Western democracies,Democracy,democracy_rights_liberal,anti_immigrant_exclusion,Anti-immigrant exclusion,-0.19190152768366886,0.03909387792357195,1.0344477300970648e-06,***,-0.19***,1289
Germany,West,Western democracies,Democracy,democracy_rights_liberal,national_pride_non_democracy,"National pride, excluding pride in democracy",0.029596311757771332,0.042542409167895374,0.4867512233879514,,0.03,1269
Germany,West,Western democracies,Democracy,democracy_rights_liberal,pride_democracy,Pride in the way democracy works,0.08130882935315498,0.0658279149832639,0.2170004835427901,,0.08,1245
Germany,West,Western democracies,Democracy,democracy_works_today,ascriptive_membership,Closed/ascriptive national membership,-0.09622007047790682,0.029235650801711692,0.0010252300081951152,**,-0.10**,1268
Germany,West,Western democracies,Democracy,democracy_works_today,civic_membership,Civic national membership,0.08420640855051964,0.027505740058792253,0.0022498073373191287,**,0.08**,1260
Germany,West,Western democracies,Democracy,democracy_works_today,national_superiority,National superiority and unconditional support,0.05211238758230419,0.028234002239520238,0.06516735778524309,,0.05,1257
Germany,West,Western democracies,Democracy,democracy_works_today,nation_state_self_determination,Every nation should have its own state,-0.17021082687120348,0.040128908332436375,2.3951918234662712e-05,***,-0.17***,1171
Germany,West,Western democracies,Democracy,democracy_works_today,protective_sovereignty,Protectionist/sovereigntist nationalism,-0.21027041074482877,0.021495410122613228,7.859030494968585e-22,***,-0.21***,1266
Germany,West,Western democracies,Democracy,democracy_works_today,anti_immigrant_exclusion,Anti-immigrant exclusion,-0.2683419713163868,0.023860763793186888,4.942707924213786e-28,***,-0.27***,1269
Germany,West,Western democracies,Democracy,democracy_works_today,national_pride_non_democracy,"National pride, excluding pride in democracy",0.19716728481623047,0.025769163185917772,3.9697500260191904e-14,***,0.20***,1250
Germany,West,Western democracies,Democracy,democracy_works_today,pride_democracy,Pride in the way democracy works,0.7742225842901469,0.03058549978208067,4.702210339189866e-114,***,0.77***,1231
Denmark,West,Western democracies,Democracy,democracy_rights_liberal,ascriptive_membership,Closed/ascriptive national membership,-0.041158791927295546,0.04894477793533993,0.4006109835607313,,-0.04,920
Denmark,West,Western democracies,Democracy,democracy_rights_liberal,civic_membership,Civic national membership,-0.05226830180834696,0.031327810573474356,0.09557262225502619,,-0.05,920
Denmark,West,Western democracies,Democracy,democracy_rights_liberal,national_superiority,National superiority and unconditional support,-0.0797623166496777,0.04424472174679567,0.07175991055469441,,-0.08,910
Denmark,West,Western democracies,Democracy,democracy_rights_liberal,nation_state_self_determination,Every nation should have its own state,0.12867451694432397,0.06988295128902236,0.0659496988859508,,0.13,806
Denmark,West,Western democracies,Democracy,democracy_rights_liberal,protective_sovereignty,Protectionist/sovereigntist nationalism,0.05287213870793117,0.03751448503839584,0.15906318223496396,,0.05,920
Denmark,West,Western democracies,Democracy,democracy_rights_liberal,anti_immigrant_exclusion,Anti-immigrant exclusion,-0.13832504014618152,0.038143698518762904,0.00030327278388212717,***,-0.14***,920
Denmark,West,Western democracies,Democracy,democracy_rights_liberal,national_pride_non_democracy,"National pride, excluding pride in democracy",-0.03512513065913403,0.03904985700845156,0.3686280790868989,,-0.04,913
Denmark,West,Western democracies,Democracy,democracy_rights_liberal,pride_democracy,Pride in the way democracy works,-0.1556306759081174,0.04736218314154957,0.0010556176995464405,**,-0.16**,906
Denmark,West,Western democracies,Democracy,democracy_works_today,ascriptive_membership,Closed/ascriptive national membership,-0.02572649451320075,0.047252829170569936,0.5862711982405938,,-0.03,906
Denmark,West,Western democracies,Democracy,democracy_works_today,civic_membership,Civic national membership,0.06415106204681109,0.035427319039160354,0.07050832978096151,,0.06,906
Denmark,West,Western democracies,Democracy,democracy_works_today,national_superiority,National superiority and unconditional support,0.23760360479726472,0.04456977202082605,1.2381215941289684e-07,***,0.24***,897
Denmark,West,Western democracies,Democracy,democracy_works_today,nation_state_self_determination,Every nation should have its own state,0.009838691002062916,0.06699397883492639,0.8832807112282414,,0.01,792
Denmark,West,Western democracies,Democracy,democracy_works_today,protective_sovereignty,Protectionist/sovereigntist nationalism,-0.04263601910666104,0.036726611605444874,0.24598898795152724,,-0.04,907
Denmark,West,Western democracies,Democracy,democracy_works_today,anti_immigrant_exclusion,Anti-immigrant exclusion,-0.19591932242215293,0.039738675799461484,9.77943614863435e-07,***,-0.20***,906
Denmark,West,Western democracies,Democracy,democracy_works_today,national_pride_non_democracy,"National pride, excluding pride in democracy",0.31877047308486617,0.03704406236447805,3.386508899217857e-17,***,0.32***,901
Denmark,West,Western democracies,Democracy,democracy_works_today,pride_democracy,Pride in the way democracy works,0.8075605004093056,0.040783267713650866,1.415803348449226e-72,***,0.81***,895
Finland,West,Western democracies,Democracy,democracy_rights_liberal,ascriptive_membership,Closed/ascriptive national membership,-0.14695725599279363,0.044094678583497436,0.0008868369729673162,***,-0.15***,1173
Finland,West,Western democracies,Democracy,democracy_rights_liberal,civic_membership,Civic national membership,-0.06387006430641406,0.033500939087723454,0.056829382698298354,,-0.06,1170
Finland,West,Western democracies,Democracy,democracy_rights_liberal,national_superiority,National superiority and unconditional support,-0.12408108195236522,0.03194968144510469,0.00010869389391488463,***,-0.12***,1170
Finland,West,Western democracies,Democracy,democracy_rights_liberal,nation_state_self_determination,Every nation should have its own state,-0.03048487171236758,0.048052262342501914,0.5259442318421428,,-0.03,1110
Finland,West,Western democracies,Democracy,democracy_rights_liberal,protective_sovereignty,Protectionist/sovereigntist nationalism,-0.08173132401200434,0.029216017845031493,0.00523511632428957,**,-0.08**,1170
Finland,West,Western democracies,Democracy,democracy_rights_liberal,anti_immigrant_exclusion,Anti-immigrant exclusion,-0.21780314331457262,0.03769114693924651,9.658303596521428e-09,***,-0.22***,1171
Finland,West,Western democracies,Democracy,democracy_rights_liberal,national_pride_non_democracy,"National pride, excluding pride in democracy",0.060490039656802,0.031874610501292526,0.057976480604690184,,0.06,1169
Finland,West,Western democracies,Democracy,democracy_rights_liberal,pride_democracy,Pride in the way democracy works,0.005272624958685412,0.049074621027094235,0.9144579089191974,,0.01,1155
Finland,West,Western democracies,Democracy,democracy_works_today,ascriptive_membership,Closed/ascriptive national membership,-0.1296291383588022,0.03538679050342822,0.0002604947960889253,***,-0.13***,1148
Finland,West,Western democracies,Democracy,democracy_works_today,civic_membership,Civic national membership,0.13641848233381282,0.035764546818764884,0.00014387652886943553,***,0.14***,1144
Finland,West,Western democracies,Democracy,democracy_works_today,national_superiority,National superiority and unconditional support,0.16647802572088644,0.032113628942011786,2.567523701823621e-07,***,0.17***,1145
Finland,West,Western democracies,Democracy,democracy_works_today,nation_state_self_determination,Every nation should have its own state,-0.05693465301737888,0.041609048586252036,0.17149426585832647,,-0.06,1090
Finland,West,Western democracies,Democracy,democracy_works_today,protective_sovereignty,Protectionist/sovereigntist nationalism,-0.12693211387874648,0.025233292685167538,5.684486287377187e-07,***,-0.13***,1145
Finland,West,Western democracies,Democracy,democracy_works_today,anti_immigrant_exclusion,Anti-immigrant exclusion,-0.23973559901184416,0.03321099724252139,9.574039590965567e-13,***,-0.24***,1146
Finland,West,Western democracies,Democracy,democracy_works_today,national_pride_non_democracy,"National pride, excluding pride in democracy",0.2960752517344094,0.025275534715551863,5.263234259774789e-30,***,0.30***,1145
Finland,West,Western democracies,Democracy,democracy_works_today,pride_democracy,Pride in the way democracy works,0.7760763545005176,0.03080206917678458,1.5868505522329542e-111,***,0.78***,1136
France,West,Western democracies,Democracy,democracy_rights_liberal,ascriptive_membership,Closed/ascriptive national membership,-0.2166371891965877,0.04585334475659719,2.4929281489725305e-06,***,-0.22***,1731
France,West,Western democracies,Democracy,democracy_rights_liberal,civic_membership,Civic national membership,-0.10902554021321365,0.03408269258622782,0.0014048188570687124,**,-0.11**,1730
France,West,Western democracies,Democracy,democracy_rights_liberal,national_superiority,National superiority and unconditional support,-0.13598240811514373,0.04034445353019651,0.0007668127400483171,***,-0.14***,1727
France,West,Western democracies,Democracy,democracy_rights_liberal,nation_state_self_determination,Every nation should have its own state,-0.03642561107227138,0.045346195841117924,0.4219289496173032,,-0.04,1666
France,West,Western democracies,Democracy,democracy_rights_liberal,protective_sovereignty,Protectionist/sovereigntist nationalism,-0.0030762947995111034,0.03400761458773928,0.9279329880144921,,-0.00,1729
France,West,Western democracies,Democracy,democracy_rights_liberal,anti_immigrant_exclusion,Anti-immigrant exclusion,-0.2063594751244633,0.04042227082850699,3.672448775488578e-07,***,-0.21***,1728
France,West,Western democracies,Democracy,democracy_rights_liberal,national_pride_non_democracy,"National pride, excluding pride in democracy",-0.09362785234607429,0.04143264764791955,0.023961283515062364,*,-0.09*,1719
France,West,Western democracies,Democracy,democracy_rights_liberal,pride_democracy,Pride in the way democracy works,-0.2537578314294304,0.05977918888419884,2.3097311625515146e-05,***,-0.25***,1639
France,West,Western democracies,Democracy,democracy_works_today,ascriptive_membership,Closed/ascriptive national membership,-0.06613131037547504,0.028486866788390356,0.020378686162925635,*,-0.07*,1716
France,West,Western democracies,Democracy,democracy_works_today,civic_membership,Civic national membership,0.04491354887097909,0.021740895369267474,0.03899253948422901,*,0.04*,1715
France,West,Western democracies,Democracy,democracy_works_today,national_superiority,National superiority and unconditional support,0.11684849915592377,0.025783568995321172,6.251695435134299e-06,***,0.12***,1713
France,West,Western democracies,Democracy,democracy_works_today,nation_state_self_determination,Every nation should have its own state,-0.07725653742031646,0.030802240583776615,0.01223217162449591,*,-0.08*,1652
France,West,Western democracies,Democracy,democracy_works_today,protective_sovereignty,Protectionist/sovereigntist nationalism,-0.13831369378888958,0.018750639182163048,2.5234311494328846e-13,***,-0.14***,1714
France,West,Western democracies,Democracy,democracy_works_today,anti_immigrant_exclusion,Anti-immigrant exclusion,-0.19311041271496077,0.024054893651639618,1.8281019422850542e-15,***,-0.19***,1713
France,West,Western democracies,Democracy,democracy_works_today,national_pride_non_democracy,"National pride, excluding pride in democracy",0.3116743932245045,0.02093189266168333,3.166518489933028e-47,***,0.31***,1706
France,West,Western democracies,Democracy,democracy_works_today,pride_democracy,Pride in the way democracy works,0.7248026056520991,0.025231293176817944,4.207383967727923e-147,***,0.72***,1631
Greece,West,Western democracies,Democracy,democracy_rights_liberal,ascriptive_membership,Closed/ascriptive national membership,-0.12894480257765828,0.08386668767215551,0.1244283587198178,,-0.13,1238
Greece,West,Western democracies,Democracy,democracy_rights_liberal,civic_membership,Civic national membership,-0.06457096594460054,0.05821636961966975,0.2675798664294457,,-0.06,1238
Greece,West,Western democracies,Democracy,democracy_rights_liberal,national_superiority,National superiority and unconditional support,-0.05737166688959228,0.05686967925868006,0.31325619221809126,,-0.06,1235
Greece,West,Western democracies,Democracy,democracy_rights_liberal,nation_state_self_determination,Every nation should have its own state,-0.13491670741202455,0.06502802752074445,0.0382281733728554,*,-0.13*,1176
Greece,West,Western democracies,Democracy,democracy_rights_liberal,protective_sovereignty,Protectionist/sovereigntist nationalism,-0.03295199027019535,0.046568107406578775,0.47932266011067537,,-0.03,1234
Greece,West,Western democracies,Democracy,democracy_rights_liberal,anti_immigrant_exclusion,Anti-immigrant exclusion,-0.17702202770962927,0.050833642961037845,0.0005144003352403578,***,-0.18***,1237
Greece,West,Western democracies,Democracy,democracy_rights_liberal,national_pride_non_democracy,"National pride, excluding pride in democracy",0.04589819062001865,0.0655708967520389,0.4840729281331081,,0.05,1240
Greece,West,Western democracies,Democracy,democracy_rights_liberal,pride_democracy,Pride in the way democracy works,-0.14087295689648904,0.07952510036366277,0.07674004760698981,,-0.14,1222
Greece,West,Western democracies,Democracy,democracy_works_today,ascriptive_membership,Closed/ascriptive national membership,-0.026560414527284748,0.039961460405047264,0.5063980852731564,,-0.03,1240
Greece,West,Western democracies,Democracy,democracy_works_today,civic_membership,Civic national membership,0.03872957727716275,0.02669277863417377,0.14705116357086587,,0.04,1240
Greece,West,Western democracies,Democracy,democracy_works_today,national_superiority,National superiority and unconditional support,0.0423563607266042,0.037369426508209604,0.2572463771024237,,0.04,1236
Greece,West,Western democracies,Democracy,democracy_works_today,nation_state_self_determination,Every nation should have its own state,-0.15459497897089047,0.03903593389145704,7.93544866591523e-05,***,-0.15***,1179
Greece,West,Western democracies,Democracy,democracy_works_today,protective_sovereignty,Protectionist/sovereigntist nationalism,-0.19709680245995598,0.023615073848531388,1.8724798895048183e-16,***,-0.20***,1237
Greece,West,Western democracies,Democracy,democracy_works_today,anti_immigrant_exclusion,Anti-immigrant exclusion,-0.12675817286713587,0.030166963397149048,2.837726019044075e-05,***,-0.13***,1239
Greece,West,Western democracies,Democracy,democracy_works_today,national_pride_non_democracy,"National pride, excluding pride in democracy",0.22007250220013264,0.02352769468467471,3.835695440801294e-20,***,0.22***,1243
Greece,West,Western democracies,Democracy,democracy_works_today,pride_democracy,Pride in the way democracy works,0.7622562267267556,0.028424058758428065,6.422064083275526e-125,***,0.76***,1226
Croatia,Eastern Europe,Eastern Europe democracies,Democracy,democracy_rights_liberal,ascriptive_membership,Closed/ascriptive national membership,-0.04361391661730529,0.03299813966962435,0.1865035053384381,,-0.04,1275
Croatia,Eastern Europe,Eastern Europe democracies,Democracy,democracy_rights_liberal,civic_membership,Civic national membership,0.20834010593826235,0.032660717520070624,2.4937333393304956e-10,***,0.21***,1274
Croatia,Eastern Europe,Eastern Europe democracies,Democracy,democracy_rights_liberal,national_superiority,National superiority and unconditional support,-0.06348861042196852,0.028857431434715152,0.027981907937844545,*,-0.06*,1269
Croatia,Eastern Europe,Eastern Europe democracies,Democracy,democracy_rights_liberal,nation_state_self_determination,Every nation should have its own state,0.09136281379503508,0.037997570058989995,0.01634126485862501,*,0.09*,1263
Croatia,Eastern Europe,Eastern Europe democracies,Democracy,democracy_rights_liberal,protective_sovereignty,Protectionist/sovereigntist nationalism,0.08934173792287936,0.01981623921491948,7.132380370591191e-06,***,0.09***,1273
Croatia,Eastern Europe,Eastern Europe democracies,Democracy,democracy_rights_liberal,anti_immigrant_exclusion,Anti-immigrant exclusion,0.0037122492128442985,0.02223022159464301,0.8674036544617274,,0.00,1275
Croatia,Eastern Europe,Eastern Europe democracies,Democracy,democracy_rights_liberal,national_pride_non_democracy,"National pride, excluding pride in democracy",0.055096974412782274,0.02546278567795366,0.030665332866286154,*,0.06*,1266
Croatia,Eastern Europe,Eastern Europe democracies,Democracy,democracy_rights_liberal,pride_democracy,Pride in the way democracy works,-0.09555470394199705,0.03834763200340254,0.012839632332349657,*,-0.10*,1245
Croatia,Eastern Europe,Eastern Europe democracies,Democracy,democracy_works_today,ascriptive_membership,Closed/ascriptive national membership,0.047334216011839736,0.03840143847596753,0.21794802471957453,,0.05,1272
Croatia,Eastern Europe,Eastern Europe democracies,Democracy,democracy_works_today,civic_membership,Civic national membership,0.0917779241271246,0.03296557779292252,0.005448395769257156,**,0.09**,1271
Croatia,Eastern Europe,Eastern Europe democracies,Democracy,democracy_works_today,national_superiority,National superiority and unconditional support,0.16957631754066504,0.03320023249924883,3.763795792604267e-07,***,0.17***,1266
Croatia,Eastern Europe,Eastern Europe democracies,Democracy,democracy_works_today,nation_state_self_determination,Every nation should have its own state,-0.04708697248231619,0.044596803943801125,0.29124588726043577,,-0.05,1260
Croatia,Eastern Europe,Eastern Europe democracies,Democracy,democracy_works_today,protective_sovereignty,Protectionist/sovereigntist nationalism,0.031591288051208366,0.0208775082785039,0.13048582594886418,,0.03,1269
Croatia,Eastern Europe,Eastern Europe democracies,Democracy,democracy_works_today,anti_immigrant_exclusion,Anti-immigrant exclusion,-0.11207896668941508,0.02631475501665551,2.2036368336699107e-05,***,-0.11***,1272
Croatia,Eastern Europe,Eastern Europe democracies,Democracy,democracy_works_today,national_pride_non_democracy,"National pride, excluding pride in democracy",0.17567719341021792,0.02775164645717914,3.3977554019083333e-10,***,0.18***,1262
Croatia,Eastern Europe,Eastern Europe democracies,Democracy,democracy_works_today,pride_democracy,Pride in the way democracy works,0.5509028291313847,0.03585585618636117,6.871166237700153e-49,***,0.55***,1243
Hungary,Eastern Europe,Eastern Europe non-democracies,Non-democracy,democracy_rights_liberal,ascriptive_membership,Closed/ascriptive national membership,0.28614474330521134,0.05245003338896566,6.27666626857408e-08,***,0.29***,926
Hungary,Eastern Europe,Eastern Europe non-democracies,Non-democracy,democracy_rights_liberal,civic_membership,Civic national membership,0.3577965777292711,0.059006623006278194,1.9402088270071495e-09,***,0.36***,926
Hungary,Eastern Europe,Eastern Europe non-democracies,Non-democracy,democracy_rights_liberal,national_superiority,National superiority and unconditional support,0.15812686364389172,0.05727523378982073,0.005880281149977861,**,0.16**,926
Hungary,Eastern Europe,Eastern Europe non-democracies,Non-democracy,democracy_rights_liberal,nation_state_self_determination,Every nation should have its own state,0.3830165902957212,0.05270978059155646,7.886622047686122e-13,***,0.38***,923
Hungary,Eastern Europe,Eastern Europe non-democracies,Non-democracy,democracy_rights_liberal,protective_sovereignty,Protectionist/sovereigntist nationalism,0.1534854055444157,0.037183341992004015,3.9951012965991146e-05,***,0.15***,926
Hungary,Eastern Europe,Eastern Europe non-democracies,Non-democracy,democracy_rights_liberal,anti_immigrant_exclusion,Anti-immigrant exclusion,0.2992418690490055,0.03889117962767794,3.657082460209657e-14,***,0.30***,926
Hungary,Eastern Europe,Eastern Europe non-democracies,Non-democracy,democracy_rights_liberal,national_pride_non_democracy,"National pride, excluding pride in democracy",0.22676842073195402,0.04696340337389852,1.6094808318568577e-06,***,0.23***,926
Hungary,Eastern Europe,Eastern Europe non-democracies,Non-democracy,democracy_rights_liberal,pride_democracy,Pride in the way democracy works,0.01949221823940661,0.06188686428872461,0.7528596911316591,,0.02,922
Hungary,Eastern Europe,Eastern Europe non-democracies,Non-democracy,democracy_works_today,ascriptive_membership,Closed/ascriptive national membership,0.03594243851689494,0.033647245379438584,0.28570538267531714,,0.04,923
Hungary,Eastern Europe,Eastern Europe non-democracies,Non-democracy,democracy_works_today,civic_membership,Civic national membership,-0.08402741855629947,0.03358875579192968,0.012534779740873681,*,-0.08*,923
Hungary,Eastern Europe,Eastern Europe non-democracies,Non-democracy,democracy_works_today,national_superiority,National superiority and unconditional support,0.27397424897244194,0.03144607865694887,1.3709184028202766e-17,***,0.27***,923
Hungary,Eastern Europe,Eastern Europe non-democracies,Non-democracy,democracy_works_today,nation_state_self_determination,Every nation should have its own state,-0.04314553567963686,0.039105255012667955,0.27017945115311565,,-0.04,920
Hungary,Eastern Europe,Eastern Europe non-democracies,Non-democracy,democracy_works_today,protective_sovereignty,Protectionist/sovereigntist nationalism,-0.03576330628289215,0.025522143248307774,0.1614729441930636,,-0.04,923
Hungary,Eastern Europe,Eastern Europe non-democracies,Non-democracy,democracy_works_today,anti_immigrant_exclusion,Anti-immigrant exclusion,-0.07512919012858754,0.028724950127293473,0.00905690219814662,**,-0.08**,923
Hungary,Eastern Europe,Eastern Europe non-democracies,Non-democracy,democracy_works_today,national_pride_non_democracy,"National pride, excluding pride in democracy",0.28391032616812706,0.024729890736902266,1.337813285611958e-28,***,0.28***,923
Hungary,Eastern Europe,Eastern Europe non-democracies,Non-democracy,democracy_works_today,pride_democracy,Pride in the way democracy works,0.5885992574576605,0.031039739444664344,7.244275378889445e-68,***,0.59***,919
Israel,Other,Other democracies,Democracy,democracy_rights_liberal,ascriptive_membership,Closed/ascriptive national membership,-0.023463296539336653,0.0430030699290103,0.5854422608977936,,-0.02,1069
Israel,Other,Other democracies,Democracy,democracy_rights_liberal,civic_membership,Civic national membership,0.009150901914335208,0.03903943918778155,0.814718203645179,,0.01,1075
Israel,Other,Other democracies,Democracy,democracy_rights_liberal,national_superiority,National superiority and unconditional support,-0.21164749933487847,0.045391375037138436,3.5158574415469493e-06,***,-0.21***,1072
Israel,Other,Other democracies,Democracy,democracy_rights_liberal,nation_state_self_determination,Every nation should have its own state,0.04595576717682093,0.0458629149253625,0.3165698452820799,,0.05,1024
Israel,Other,Other democracies,Democracy,democracy_rights_liberal,protective_sovereignty,Protectionist/sovereigntist nationalism,-0.11474562677731903,0.028125636010881912,4.844423986212321e-05,***,-0.11***,1072
Israel,Other,Other democracies,Democracy,democracy_rights_liberal,anti_immigrant_exclusion,Anti-immigrant exclusion,-0.12290468872698135,0.03641791866000064,0.0007652634164682274,***,-0.12***,1069
Israel,Other,Other democracies,Democracy,democracy_rights_liberal,national_pride_non_democracy,"National pride, excluding pride in democracy",-0.09106642560985279,0.03848064198010109,0.018132821757813736,*,-0.09*,1071
Israel,Other,Other democracies,Democracy,democracy_rights_liberal,pride_democracy,Pride in the way democracy works,-0.15681042783998578,0.05890813330387345,0.007888908789031698,**,-0.16**,1045
Israel,Other,Other democracies,Democracy,democracy_works_today,ascriptive_membership,Closed/ascriptive national membership,0.056616852530945616,0.0338950881418029,0.09514761459844617,,0.06,1054
Israel,Other,Other democracies,Democracy,democracy_works_today,civic_membership,Civic national membership,0.17693266188999424,0.033301135678433534,1.3146294187147015e-07,***,0.18***,1060
Israel,Other,Other democracies,Democracy,democracy_works_today,national_superiority,National superiority and unconditional support,0.28069168177295367,0.034827827242367326,2.0711309419861266e-15,***,0.28***,1057
Israel,Other,Other democracies,Democracy,democracy_works_today,nation_state_self_determination,Every nation should have its own state,0.005628333795790752,0.03780702948854944,0.8816859633520422,,0.01,1014
Israel,Other,Other democracies,Democracy,democracy_works_today,protective_sovereignty,Protectionist/sovereigntist nationalism,0.08477164019250516,0.02478067817428299,0.0006481769668820794,***,0.08***,1058
Israel,Other,Other democracies,Democracy,democracy_works_today,anti_immigrant_exclusion,Anti-immigrant exclusion,-0.0032745961564142334,0.03205158375658433,0.9186441108281991,,-0.00,1054
Israel,Other,Other democracies,Democracy,democracy_works_today,national_pride_non_democracy,"National pride, excluding pride in democracy",0.29664685420293235,0.025244488532614014,4.823275577513816e-30,***,0.30***,1057
Israel,Other,Other democracies,Democracy,democracy_works_today,pride_democracy,Pride in the way democracy works,0.7116221779481036,0.026436103934686688,2.4716437857347233e-121,***,0.71***,1038
India,South/Southeast Asia,South/Southeast Asia non-democracies,Non-democracy,democracy_rights_liberal,ascriptive_membership,Closed/ascriptive national membership,-0.01083403981644615,0.02824316592861242,0.701336851240568,,-0.01,1345
India,South/Southeast Asia,South/Southeast Asia non-democracies,Non-democracy,democracy_rights_liberal,civic_membership,Civic national membership,0.19990710120908872,0.024365270397998906,5.395732709323717e-16,***,0.20***,1339
India,South/Southeast Asia,South/Southeast Asia non-democracies,Non-democracy,democracy_rights_liberal,national_superiority,National superiority and unconditional support,0.14049579266288248,0.030945140431232487,6.1270314207131475e-06,***,0.14***,1343
India,South/Southeast Asia,South/Southeast Asia non-democracies,Non-democracy,democracy_rights_liberal,nation_state_self_determination,Every nation should have its own state,0.2226136790919515,0.04391388798859245,4.575481306520648e-07,***,0.22***,1293
India,South/Southeast Asia,South/Southeast Asia non-democracies,Non-democracy,democracy_rights_liberal,protective_sovereignty,Protectionist/sovereigntist nationalism,0.06385213263076928,0.018903843067474075,0.0007518557812013697,***,0.06***,1344
India,South/Southeast Asia,South/Southeast Asia non-democracies,Non-democracy,democracy_rights_liberal,anti_immigrant_exclusion,Anti-immigrant exclusion,0.044716215372048396,0.02148130208117528,0.037565597877473565,*,0.04*,1344
India,South/Southeast Asia,South/Southeast Asia non-democracies,Non-democracy,democracy_rights_liberal,national_pride_non_democracy,"National pride, excluding pride in democracy",0.3242774338198906,0.02754828705636993,1.6681180011375272e-30,***,0.32***,1341
India,South/Southeast Asia,South/Southeast Asia non-democracies,Non-democracy,democracy_rights_liberal,pride_democracy,Pride in the way democracy works,0.19211695120027983,0.04881326802716092,8.753510234550778e-05,***,0.19***,1248
India,South/Southeast Asia,South/Southeast Asia non-democracies,Non-democracy,democracy_works_today,ascriptive_membership,Closed/ascriptive national membership,-0.02658742507803158,0.02420038446927167,0.27212776825287227,,-0.03,1321
India,South/Southeast Asia,South/Southeast Asia non-democracies,Non-democracy,democracy_works_today,civic_membership,Civic national membership,0.049650487868505344,0.025638809380618702,0.053017041459939795,,0.05,1315
India,South/Southeast Asia,South/Southeast Asia non-democracies,Non-democracy,democracy_works_today,national_superiority,National superiority and unconditional support,-0.07636537287153544,0.026768256217897256,0.004401079299467429,**,-0.08**,1319
India,South/Southeast Asia,South/Southeast Asia non-democracies,Non-democracy,democracy_works_today,nation_state_self_determination,Every nation should have its own state,0.030562608933861313,0.04005799302442202,0.44563005924331,,0.03,1271
India,South/Southeast Asia,South/Southeast Asia non-democracies,Non-democracy,democracy_works_today,protective_sovereignty,Protectionist/sovereigntist nationalism,0.041472056005640745,0.01749578878920682,0.017912412592274836,*,0.04*,1320
India,South/Southeast Asia,South/Southeast Asia non-democracies,Non-democracy,democracy_works_today,anti_immigrant_exclusion,Anti-immigrant exclusion,0.05734023592897586,0.019720487216143584,0.00370273677146706,**,0.06**,1320
India,South/Southeast Asia,South/Southeast Asia non-democracies,Non-democracy,democracy_works_today,national_pride_non_democracy,"National pride, excluding pride in democracy",0.10827109769265064,0.027942497249399754,0.00011198931987267841,***,0.11***,1318
India,South/Southeast Asia,South/Southeast Asia non-democracies,Non-democracy,democracy_works_today,pride_democracy,Pride in the way democracy works,0.12451337936346007,0.044936145301540685,0.0056750523286465725,**,0.12**,1227
Italy,West,Western democracies,Democracy,democracy_rights_liberal,ascriptive_membership,Closed/ascriptive national membership,0.06560658403299158,0.05047085343830916,0.19399507721374917,,0.07,846
Italy,West,Western democracies,Democracy,democracy_rights_liberal,civic_membership,Civic national membership,0.0748497087882889,0.03944338561343637,0.0580853635793223,,0.07,845
Italy,West,Western democracies,Democracy,democracy_rights_liberal,national_superiority,National superiority and unconditional support,-0.08464422707900887,0.040699878990424,0.037854615859664875,*,-0.08*,845
Italy,West,Western democracies,Democracy,democracy_rights_liberal,nation_state_self_determination,Every nation should have its own state,0.09041285311577951,0.05041990031924984,0.07331752567089629,,0.09,809
Italy,West,Western democracies,Democracy,democracy_rights_liberal,protective_sovereignty,Protectionist/sovereigntist nationalism,0.04124931044631097,0.033986170045673385,0.22520093758428691,,0.04,844
Italy,West,Western democracies,Democracy,democracy_rights_liberal,anti_immigrant_exclusion,Anti-immigrant exclusion,0.08931413821266787,0.03810049172842311,0.019301759148927643,*,0.09*,845
Italy,West,Western democracies,Democracy,democracy_rights_liberal,national_pride_non_democracy,"National pride, excluding pride in democracy",0.0026925554379815253,0.03736094504849104,0.9425644373853704,,0.00,843
Italy,West,Western democracies,Democracy,democracy_rights_liberal,pride_democracy,Pride in the way democracy works,-0.03600459230855968,0.05998563938225732,0.5485229396448157,,-0.04,838
Italy,West,Western democracies,Democracy,democracy_works_today,ascriptive_membership,Closed/ascriptive national membership,0.11834114908155513,0.036715111555449716,0.0013166152108302937,**,0.12**,843
Italy,West,Western democracies,Democracy,democracy_works_today,civic_membership,Civic national membership,0.1919385690226978,0.026570737054569332,1.1395799509677153e-12,***,0.19***,842
Italy,West,Western democracies,Democracy,democracy_works_today,national_superiority,National superiority and unconditional support,0.19378179316818667,0.02786323388451797,7.123890189497136e-12,***,0.19***,842
Italy,West,Western democracies,Democracy,democracy_works_today,nation_state_self_determination,Every nation should have its own state,-0.07051543909487457,0.03121034278094443,0.02412891199698378,*,-0.07*,807
Italy,West,Western democracies,Democracy,democracy_works_today,protective_sovereignty,Protectionist/sovereigntist nationalism,-0.041433550402963704,0.022265294604645703,0.06310918617675386,,-0.04,841
Italy,West,Western democracies,Democracy,democracy_works_today,anti_immigrant_exclusion,Anti-immigrant exclusion,-0.05061833650189662,0.027284538973252923,0.06391919660226955,,-0.05,842
Italy,West,Western democracies,Democracy,democracy_works_today,national_pride_non_democracy,"National pride, excluding pride in democracy",0.31228089254532776,0.02139676516878699,3.910206415311281e-43,***,0.31***,840
Italy,West,Western democracies,Democracy,democracy_works_today,pride_democracy,Pride in the way democracy works,0.6201813633476059,0.028479253583342388,1.6869026144201564e-83,***,0.62***,835
South Korea,East Asia,East Asian democracies,Democracy,democracy_rights_liberal,ascriptive_membership,Closed/ascriptive national membership,0.19431632235800578,0.052289023318756664,0.00021203791311975742,***,0.19***,1148
South Korea,East Asia,East Asian democracies,Democracy,democracy_rights_liberal,civic_membership,Civic national membership,0.10179900833987787,0.04505561221732941,0.02404588969510682,*,0.10*,1148
South Korea,East Asia,East Asian democracies,Democracy,democracy_rights_liberal,national_superiority,National superiority and unconditional support,0.12346197210372623,0.038151496001783365,0.0012465490573843096,**,0.12**,1148
South Korea,East Asia,East Asian democracies,Democracy,democracy_rights_liberal,nation_state_self_determination,Every nation should have its own state,0.008565029498484478,0.05594562217255435,0.8783504745921734,,0.01,1125
South Korea,East Asia,East Asian democracies,Democracy,democracy_rights_liberal,protective_sovereignty,Protectionist/sovereigntist nationalism,0.04366181591036877,0.03542811310584049,0.21805115673450548,,0.04,1148
South Korea,East Asia,East Asian democracies,Democracy,democracy_rights_liberal,anti_immigrant_exclusion,Anti-immigrant exclusion,-0.015620322769684947,0.027214870787936326,0.566106014028128,,-0.02,1148
South Korea,East Asia,East Asian democracies,Democracy,democracy_rights_liberal,national_pride_non_democracy,"National pride, excluding pride in democracy",0.07489470742935112,0.0456711859482793,0.10130830046859667,,0.07,1147
South Korea,East Asia,East Asian democracies,Democracy,democracy_rights_liberal,pride_democracy,Pride in the way democracy works,-0.06905326263808931,0.05866867878345043,0.2394418155974434,,-0.07,1136
South Korea,East Asia,East Asian democracies,Democracy,democracy_works_today,ascriptive_membership,Closed/ascriptive national membership,0.060213173448595114,0.04448939787664388,0.17618739711903714,,0.06,1146
South Korea,East Asia,East Asian democracies,Democracy,democracy_works_today,civic_membership,Civic national membership,-0.008211141005482148,0.038578929990759445,0.8314897842759912,,-0.01,1146
South Korea,East Asia,East Asian democracies,Democracy,democracy_works_today,national_superiority,National superiority and unconditional support,0.12795224482823286,0.04257123678838879,0.0027085219697543773,**,0.13**,1146
South Korea,East Asia,East Asian democracies,Democracy,democracy_works_today,nation_state_self_determination,Every nation should have its own state,0.013623688404528878,0.05233433787566204,0.7946647248183574,,0.01,1123
South Korea,East Asia,East Asian democracies,Democracy,democracy_works_today,protective_sovereignty,Protectionist/sovereigntist nationalism,0.0008292083406438167,0.02617325708726587,0.9747315849490893,,0.00,1146
South Korea,East Asia,East Asian democracies,Democracy,democracy_works_today,anti_immigrant_exclusion,Anti-immigrant exclusion,-0.02785821055469384,0.031478742487236804,0.37635141471092187,,-0.03,1146
South Korea,East Asia,East Asian democracies,Democracy,democracy_works_today,national_pride_non_democracy,"National pride, excluding pride in democracy",0.19509724422685082,0.04292350408253062,6.073072125910501e-06,***,0.20***,1145
South Korea,East Asia,East Asian democracies,Democracy,democracy_works_today,pride_democracy,Pride in the way democracy works,0.4009546068436691,0.054751650084032974,4.597866854925233e-13,***,0.40***,1134
Lithuania,Eastern Europe,Eastern Europe democracies,Democracy,democracy_rights_liberal,ascriptive_membership,Closed/ascriptive national membership,0.08211983838607395,0.03880918712765993,0.034616139638481744,*,0.08*,918
Lithuania,Eastern Europe,Eastern Europe democracies,Democracy,democracy_rights_liberal,civic_membership,Civic national membership,0.013544493407440683,0.03402713716230956,0.6906866735350761,,0.01,918
Lithuania,Eastern Europe,Eastern Europe democracies,Democracy,democracy_rights_liberal,national_superiority,National superiority and unconditional support,0.06455968780406529,0.03893467543651106,0.09763177668317609,,0.06,914
Lithuania,Eastern Europe,Eastern Europe democracies,Democracy,democracy_rights_liberal,nation_state_self_determination,Every nation should have its own state,0.16194314203673343,0.039817657174691684,5.1837288260284625e-05,***,0.16***,892
Lithuania,Eastern Europe,Eastern Europe democracies,Democracy,democracy_rights_liberal,protective_sovereignty,Protectionist/sovereigntist nationalism,0.13902784697514647,0.03054945046801361,6.065546586341303e-06,***,0.14***,916
Lithuania,Eastern Europe,Eastern Europe democracies,Democracy,democracy_rights_liberal,anti_immigrant_exclusion,Anti-immigrant exclusion,0.006634749244142313,0.032004602535767,0.8358171418567922,,0.01,917
Lithuania,Eastern Europe,Eastern Europe democracies,Democracy,democracy_rights_liberal,national_pride_non_democracy,"National pride, excluding pride in democracy",0.09634878796376256,0.03443522466134184,0.0052510474508118575,**,0.10**,916
Lithuania,Eastern Europe,Eastern Europe democracies,Democracy,democracy_rights_liberal,pride_democracy,Pride in the way democracy works,-0.0482644595741899,0.05402580560213569,0.3719065232595791,,-0.05,895
Lithuania,Eastern Europe,Eastern Europe democracies,Democracy,democracy_works_today,ascriptive_membership,Closed/ascriptive national membership,0.0056105150092289335,0.02954065511595659,0.8494107103545911,,0.01,903
Lithuania,Eastern Europe,Eastern Europe democracies,Democracy,democracy_works_today,civic_membership,Civic national membership,0.08107380015016297,0.02974119310507478,0.006536118304756069,**,0.08**,903
Lithuania,Eastern Europe,Eastern Europe democracies,Democracy,democracy_works_today,national_superiority,National superiority and unconditional support,0.16384761243680757,0.031095758901380804,1.7187565889720634e-07,***,0.16***,900
Lithuania,Eastern Europe,Eastern Europe democracies,Democracy,democracy_works_today,nation_state_self_determination,Every nation should have its own state,-0.01515106327924265,0.03875090670320347,0.6959031775087493,,-0.02,877
Lithuania,Eastern Europe,Eastern Europe democracies,Democracy,democracy_works_today,protective_sovereignty,Protectionist/sovereigntist nationalism,-0.00838749648096293,0.023754496914915182,0.7241034454761073,,-0.01,901
Lithuania,Eastern Europe,Eastern Europe democracies,Democracy,democracy_works_today,anti_immigrant_exclusion,Anti-immigrant exclusion,-0.15225466516125952,0.025540349912622128,3.595060301063098e-09,***,-0.15***,902
Lithuania,Eastern Europe,Eastern Europe democracies,Democracy,democracy_works_today,national_pride_non_democracy,"National pride, excluding pride in democracy",0.14031836709568513,0.026960285131368344,2.410968661283879e-07,***,0.14***,902
Lithuania,Eastern Europe,Eastern Europe democracies,Democracy,democracy_works_today,pride_democracy,Pride in the way democracy works,0.5892284136700319,0.03727640956304959,1.022001041095841e-49,***,0.59***,884
Mexico,Other,Other democracies,Democracy,democracy_rights_liberal,ascriptive_membership,Closed/ascriptive national membership,0.14495459687103995,0.037550589060787044,0.00012147129798993485,***,0.14***,895
Mexico,Other,Other democracies,Democracy,democracy_rights_liberal,civic_membership,Civic national membership,0.128002790214385,0.03672002529211635,0.0005144607060971713,***,0.13***,895
Mexico,Other,Other democracies,Democracy,democracy_rights_liberal,national_superiority,National superiority and unconditional support,0.16142130580894865,0.04199630510795377,0.00012981962018178907,***,0.16***,895
Mexico,Other,Other democracies,Democracy,democracy_rights_liberal,nation_state_self_determination,Every nation should have its own state,0.09853087853255182,0.051953567225333605,0.05823814411967034,,0.10,837
Mexico,Other,Other democracies,Democracy,democracy_rights_liberal,protective_sovereignty,Protectionist/sovereigntist nationalism,0.045233659516016544,0.02532620969981662,0.07443329355417179,,0.05,895
Mexico,Other,Other democracies,Democracy,democracy_rights_liberal,anti_immigrant_exclusion,Anti-immigrant exclusion,-0.09016354326398002,0.026476521072836795,0.0006902564443411014,***,-0.09***,894
Mexico,Other,Other democracies,Democracy,democracy_rights_liberal,national_pride_non_democracy,"National pride, excluding pride in democracy",0.1385537770819667,0.04121663375864796,0.0008080141320391856,***,0.14***,894
Mexico,Other,Other democracies,Democracy,democracy_rights_liberal,pride_democracy,Pride in the way democracy works,0.2178528239170845,0.05653797458829534,0.0001250255234859844,***,0.22***,888
Mexico,Other,Other democracies,Democracy,democracy_works_today,ascriptive_membership,Closed/ascriptive national membership,0.20301009092256983,0.027090762762591775,1.618278876736773e-13,***,0.20***,894
Mexico,Other,Other democracies,Democracy,democracy_works_today,civic_membership,Civic national membership,0.2052098837112606,0.03059475119379645,3.5245773626062966e-11,***,0.21***,894
Mexico,Other,Other democracies,Democracy,democracy_works_today,national_superiority,National superiority and unconditional support,0.14415730529339577,0.02856984527711967,5.478117980205734e-07,***,0.14***,894
Mexico,Other,Other democracies,Democracy,democracy_works_today,nation_state_self_determination,Every nation should have its own state,0.09564690228458517,0.04246818314366029,0.02457014077457809,*,0.10*,836
Mexico,Other,Other democracies,Democracy,democracy_works_today,protective_sovereignty,Protectionist/sovereigntist nationalism,0.09017823730855401,0.018507851235855893,1.3051422050729244e-06,***,0.09***,894
Mexico,Other,Other democracies,Democracy,democracy_works_today,anti_immigrant_exclusion,Anti-immigrant exclusion,-0.02433335120853819,0.02201340562288076,0.2692912972157631,,-0.02,893
Mexico,Other,Other democracies,Democracy,democracy_works_today,national_pride_non_democracy,"National pride, excluding pride in democracy",0.3388095702275704,0.03186533864080926,6.191382478360951e-25,***,0.34***,893
Mexico,Other,Other democracies,Democracy,democracy_works_today,pride_democracy,Pride in the way democracy works,0.562163641888425,0.03635827475376759,6.805560926649547e-48,***,0.56***,887
Netherlands,West,Western democracies,Democracy,democracy_rights_liberal,ascriptive_membership,Closed/ascriptive national membership,-0.023136440631040145,0.03855260639043041,0.5485236339169424,,-0.02,1343
Netherlands,West,Western democracies,Democracy,democracy_rights_liberal,civic_membership,Civic national membership,-0.06976552098231892,0.032174606730791165,0.0303088946984698,*,-0.07*,1341
Netherlands,West,Western democracies,Democracy,democracy_rights_liberal,national_superiority,National superiority and unconditional support,-0.13153386295210368,0.032419367600356,5.2533177088616286e-05,***,-0.13***,1339
Netherlands,West,Western democracies,Democracy,democracy_rights_liberal,nation_state_self_determination,Every nation should have its own state,0.07683108343715972,0.05002768147905304,0.12485038126167652,,0.08,1242
Netherlands,West,Western democracies,Democracy,democracy_rights_liberal,protective_sovereignty,Protectionist/sovereigntist nationalism,0.03314564648712093,0.0257537737962981,0.1983105918829816,,0.03,1338
Netherlands,West,Western democracies,Democracy,democracy_rights_liberal,anti_immigrant_exclusion,Anti-immigrant exclusion,-0.06219569798093616,0.029286402976540775,0.03387823530144273,*,-0.06*,1341
Netherlands,West,Western democracies,Democracy,democracy_rights_liberal,national_pride_non_democracy,"National pride, excluding pride in democracy",-0.04423403531016845,0.03636139462369158,0.2240068284439427,,-0.04,1332
Netherlands,West,Western democracies,Democracy,democracy_rights_liberal,pride_democracy,Pride in the way democracy works,-0.09075180365483959,0.05099852950099347,0.07539165031650993,,-0.09,1306
Netherlands,West,Western democracies,Democracy,democracy_works_today,ascriptive_membership,Closed/ascriptive national membership,-0.01706591757103837,0.03315525326150952,0.606830614853896,,-0.02,1312
Netherlands,West,Western democracies,Democracy,democracy_works_today,civic_membership,Civic national membership,0.11142953124017296,0.027614045590638653,5.7714565025662166e-05,***,0.11***,1310
Netherlands,West,Western democracies,Democracy,democracy_works_today,national_superiority,National superiority and unconditional support,0.17384058391393964,0.02794559910558881,6.656703800372698e-10,***,0.17***,1309
Netherlands,West,Western democracies,Democracy,democracy_works_today,nation_state_self_determination,Every nation should have its own state,-0.0842215260580712,0.03894838333209661,0.03078339047578617,*,-0.08*,1218
Netherlands,West,Western democracies,Democracy,democracy_works_today,protective_sovereignty,Protectionist/sovereigntist nationalism,-0.147751612770322,0.022564340169600676,8.367374232885828e-11,***,-0.15***,1309
Netherlands,West,Western democracies,Democracy,democracy_works_today,anti_immigrant_exclusion,Anti-immigrant exclusion,-0.20800826046788679,0.024236432626093592,2.5989442822467377e-17,***,-0.21***,1311
Netherlands,West,Western democracies,Democracy,democracy_works_today,national_pride_non_democracy,"National pride, excluding pride in democracy",0.30874916082343695,0.02796993236402503,3.8354094561933666e-27,***,0.31***,1305
Netherlands,West,Western democracies,Democracy,democracy_works_today,pride_democracy,Pride in the way democracy works,0.811983086278584,0.029634970199738195,1.9974462326530003e-130,***,0.81***,1285
Norway,West,Western democracies,Democracy,democracy_rights_liberal,ascriptive_membership,Closed/ascriptive national membership,-0.11881992972359257,0.04141269487361471,0.004203581331248465,**,-0.12**,990
Norway,West,Western democracies,Democracy,democracy_rights_liberal,civic_membership,Civic national membership,-0.09478218228098712,0.028377488218424767,0.0008691027759880139,***,-0.09***,990
Norway,West,Western democracies,Democracy,democracy_rights_liberal,national_superiority,National superiority and unconditional support,-0.0607675699734358,0.033931102057168996,0.0736171253022995,,-0.06,983
Norway,West,Western democracies,Democracy,democracy_rights_liberal,nation_state_self_determination,Every nation should have its own state,-0.001550277471295658,0.0485894221995145,0.9745542830503723,,-0.00,916
Norway,West,Western democracies,Democracy,democracy_rights_liberal,protective_sovereignty,Protectionist/sovereigntist nationalism,0.02180762691682503,0.03095599547561139,0.4813051686306356,,0.02,993
Norway,West,Western democracies,Democracy,democracy_rights_liberal,anti_immigrant_exclusion,Anti-immigrant exclusion,-0.10983006390892491,0.031397498720926606,0.0004895264386957836,***,-0.11***,995
Norway,West,Western democracies,Democracy,democracy_rights_liberal,national_pride_non_democracy,"National pride, excluding pride in democracy",-0.01811689562286034,0.032428695298589306,0.5765148507030418,,-0.02,991
Norway,West,Western democracies,Democracy,democracy_rights_liberal,pride_democracy,Pride in the way democracy works,-0.10791777258662094,0.0444680292863723,0.01541020454052453,*,-0.11*,982
Norway,West,Western democracies,Democracy,democracy_works_today,ascriptive_membership,Closed/ascriptive national membership,-0.11066823846677387,0.03640036659186979,0.002426894112941858,**,-0.11**,975
Norway,West,Western democracies,Democracy,democracy_works_today,civic_membership,Civic national membership,0.06682848419902498,0.026746992560858312,0.012635558789326927,*,0.07*,973
Norway,West,Western democracies,Democracy,democracy_works_today,national_superiority,National superiority and unconditional support,0.11682610339517296,0.029450832501471586,7.824468653508615e-05,***,0.12***,968
Norway,West,Western democracies,Democracy,democracy_works_today,nation_state_self_determination,Every nation should have its own state,-0.01801898258075063,0.04448244307688057,0.6855145077217396,,-0.02,905
Norway,West,Western democracies,Democracy,democracy_works_today,protective_sovereignty,Protectionist/sovereigntist nationalism,-0.138853567709738,0.027180008243057663,3.9036655690368036e-07,***,-0.14***,979
Norway,West,Western democracies,Democracy,democracy_works_today,anti_immigrant_exclusion,Anti-immigrant exclusion,-0.1846226571949483,0.02625956898209543,3.861368400373065e-12,***,-0.18***,981
Norway,West,Western democracies,Democracy,democracy_works_today,national_pride_non_democracy,"National pride, excluding pride in democracy",0.32067819710597334,0.02738674625208977,1.0221030600312513e-29,***,0.32***,977
Norway,West,Western democracies,Democracy,democracy_works_today,pride_democracy,Pride in the way democracy works,0.8013950309595685,0.03186483995982286,1.0141347829900734e-107,***,0.80***,970
New Zealand,West,Western democracies,Democracy,democracy_rights_liberal,ascriptive_membership,Closed/ascriptive national membership,-0.009995689917856154,0.05560412107494893,0.8573726237160368,,-0.01,1024
New Zealand,West,Western democracies,Democracy,democracy_rights_liberal,civic_membership,Civic national membership,0.06126196801730899,0.039043763432258724,0.11694772237858843,,0.06,1015
New Zealand,West,Western democracies,Democracy,democracy_rights_liberal,national_superiority,National superiority and unconditional support,0.025647114772002766,0.03916482013559811,0.5127126115537474,,0.03,1018
New Zealand,West,Western democracies,Democracy,democracy_rights_liberal,nation_state_self_determination,Every nation should have its own state,0.04144877504120714,0.06331994015607416,0.5128892627108156,,0.04,951
New Zealand,West,Western democracies,Democracy,democracy_rights_liberal,protective_sovereignty,Protectionist/sovereigntist nationalism,0.1284603197088625,0.032839750440174335,9.772149596213037e-05,***,0.13***,1023
New Zealand,West,Western democracies,Democracy,democracy_rights_liberal,anti_immigrant_exclusion,Anti-immigrant exclusion,-0.07720780971573582,0.04307967261629992,0.07339624078153201,,-0.08,1024
New Zealand,West,Western democracies,Democracy,democracy_rights_liberal,national_pride_non_democracy,"National pride, excluding pride in democracy",0.12761937176061622,0.04143729721139817,0.0021272614196366927,**,0.13**,1016
New Zealand,West,Western democracies,Democracy,democracy_rights_liberal,pride_democracy,Pride in the way democracy works,0.08723752679764019,0.06882883723317032,0.20529242750700072,,0.09,989
New Zealand,West,Western democracies,Democracy,democracy_works_today,ascriptive_membership,Closed/ascriptive national membership,-0.1496021691093521,0.044003465738086917,0.0007010406102777849,***,-0.15***,1006
New Zealand,West,Western democracies,Democracy,democracy_works_today,civic_membership,Civic national membership,0.1053142712381181,0.03474577642638867,0.002500747774818397,**,0.11**,998
New Zealand,West,Western democracies,Democracy,democracy_works_today,national_superiority,National superiority and unconditional support,0.15837302640694606,0.034692179632304324,5.617608533436949e-06,***,0.16***,1000
New Zealand,West,Western democracies,Democracy,democracy_works_today,nation_state_self_determination,Every nation should have its own state,-0.03877796581189852,0.05082767473828341,0.44569852243705294,,-0.04,936
New Zealand,West,Western democracies,Democracy,democracy_works_today,protective_sovereignty,Protectionist/sovereigntist nationalism,-0.10654633532314417,0.02808376052771846,0.00015721500774040052,***,-0.11***,1006
New Zealand,West,Western democracies,Democracy,democracy_works_today,anti_immigrant_exclusion,Anti-immigrant exclusion,-0.23238589918024388,0.036486386318407026,2.8932224209601766e-10,***,-0.23***,1007
New Zealand,West,Western democracies,Democracy,democracy_works_today,national_pride_non_democracy,"National pride, excluding pride in democracy",0.29205038545055473,0.030337894646035285,4.946144592915259e-21,***,0.29***,999
New Zealand,West,Western democracies,Democracy,democracy_works_today,pride_democracy,Pride in the way democracy works,0.773380512293647,0.04175515988007564,8.230369637901472e-66,***,0.77***,976
Philippines,South/Southeast Asia,South/Southeast Asia non-democracies,Non-democracy,democracy_rights_liberal,ascriptive_membership,Closed/ascriptive national membership,0.06598239353961333,0.021348184959096857,0.002028581765518302,**,0.07**,1715
Philippines,South/Southeast Asia,South/Southeast Asia non-democracies,Non-democracy,democracy_rights_liberal,civic_membership,Civic national membership,0.07194971662274874,0.01726440990704341,3.2333177493820284e-05,***,0.07***,1715
Philippines,South/Southeast Asia,South/Southeast Asia non-democracies,Non-democracy,democracy_rights_liberal,national_superiority,National superiority and unconditional support,-0.028133194366448677,0.02839633230184578,0.32195603341717466,,-0.03,1715
Philippines,South/Southeast Asia,South/Southeast Asia non-democracies,Non-democracy,democracy_rights_liberal,nation_state_self_determination,Every nation should have its own state,0.1201606313680621,0.03987021298815699,0.0026185160604028563,**,0.12**,1691
Philippines,South/Southeast Asia,South/Southeast Asia non-democracies,Non-democracy,democracy_rights_liberal,protective_sovereignty,Protectionist/sovereigntist nationalism,0.003851182589889035,0.0171938638684472,0.8227950848528907,,0.00,1714
Philippines,South/Southeast Asia,South/Southeast Asia non-democracies,Non-democracy,democracy_rights_liberal,anti_immigrant_exclusion,Anti-immigrant exclusion,0.010264967592068075,0.015861288775596366,0.5176081835873445,,0.01,1714
Philippines,South/Southeast Asia,South/Southeast Asia non-democracies,Non-democracy,democracy_rights_liberal,national_pride_non_democracy,"National pride, excluding pride in democracy",0.0529286309461483,0.025839647241590727,0.04067851728860638,*,0.05*,1712
Philippines,South/Southeast Asia,South/Southeast Asia non-democracies,Non-democracy,democracy_rights_liberal,pride_democracy,Pride in the way democracy works,0.0009689759589033287,0.03822914745942438,0.9797815960275746,,0.00,1675
Philippines,South/Southeast Asia,South/Southeast Asia non-democracies,Non-democracy,democracy_works_today,ascriptive_membership,Closed/ascriptive national membership,0.01851044811446112,0.019588567760916088,0.3448126653856307,,0.02,1706
Philippines,South/Southeast Asia,South/Southeast Asia non-democracies,Non-democracy,democracy_works_today,civic_membership,Civic national membership,0.02040509079501618,0.017004619984609736,0.23031689027308883,,0.02,1706
Philippines,South/Southeast Asia,South/Southeast Asia non-democracies,Non-democracy,democracy_works_today,national_superiority,National superiority and unconditional support,0.09322245657397765,0.026731658714974408,0.0005002579670176094,***,0.09***,1706
Philippines,South/Southeast Asia,South/Southeast Asia non-democracies,Non-democracy,democracy_works_today,nation_state_self_determination,Every nation should have its own state,0.0586637126410503,0.03640460107641672,0.10727284704473908,,0.06,1682
Philippines,South/Southeast Asia,South/Southeast Asia non-democracies,Non-democracy,democracy_works_today,protective_sovereignty,Protectionist/sovereigntist nationalism,-0.015997082651756145,0.01532510774957609,0.29670422952039927,,-0.02,1705
Philippines,South/Southeast Asia,South/Southeast Asia non-democracies,Non-democracy,democracy_works_today,anti_immigrant_exclusion,Anti-immigrant exclusion,-0.05738333642242743,0.015371680720434235,0.0001954030456458565,***,-0.06***,1705
Philippines,South/Southeast Asia,South/Southeast Asia non-democracies,Non-democracy,democracy_works_today,national_pride_non_democracy,"National pride, excluding pride in democracy",0.14795458936417116,0.023572076643210982,4.3815007910564573e-10,***,0.15***,1703
Philippines,South/Southeast Asia,South/Southeast Asia non-democracies,Non-democracy,democracy_works_today,pride_democracy,Pride in the way democracy works,0.33006034688620645,0.03384402085630714,6.865386976207523e-22,***,0.33***,1669
Russia,Eastern Europe,Eastern Europe non-democracies,Non-democracy,democracy_rights_liberal,ascriptive_membership,Closed/ascriptive national membership,0.06025817502268005,0.04971197460180755,0.22572355400185365,,0.06,1078
Russia,Eastern Europe,Eastern Europe non-democracies,Non-democracy,democracy_rights_liberal,civic_membership,Civic national membership,0.012992091502511016,0.02945866076967119,0.6592818058720962,,0.01,1077
Russia,Eastern Europe,Eastern Europe non-democracies,Non-democracy,democracy_rights_liberal,national_superiority,National superiority and unconditional support,0.0013251014551549645,0.043610184019217624,0.9757655640202787,,0.00,1076
Russia,Eastern Europe,Eastern Europe non-democracies,Non-democracy,democracy_rights_liberal,nation_state_self_determination,Every nation should have its own state,0.01991548931413689,0.06257932009032952,0.7503653079343919,,0.02,1022
Russia,Eastern Europe,Eastern Europe non-democracies,Non-democracy,democracy_rights_liberal,protective_sovereignty,Protectionist/sovereigntist nationalism,0.027776702958991706,0.0371157410938983,0.4543945841331462,,0.03,1079
Russia,Eastern Europe,Eastern Europe non-democracies,Non-democracy,democracy_rights_liberal,anti_immigrant_exclusion,Anti-immigrant exclusion,-0.09502396701513405,0.036020074051949375,0.008458374402466655,**,-0.10**,1078
Russia,Eastern Europe,Eastern Europe non-democracies,Non-democracy,democracy_rights_liberal,national_pride_non_democracy,"National pride, excluding pride in democracy",0.012892657434560917,0.03908610396701128,0.7415761219545549,,0.01,1071
Russia,Eastern Europe,Eastern Europe non-democracies,Non-democracy,democracy_rights_liberal,pride_democracy,Pride in the way democracy works,-0.02768301670281481,0.05936348439058239,0.6410795483730515,,-0.03,1014
Russia,Eastern Europe,Eastern Europe non-democracies,Non-democracy,democracy_works_today,ascriptive_membership,Closed/ascriptive national membership,0.03804151142583745,0.04078210268451622,0.3511420621547733,,0.04,1037
Russia,Eastern Europe,Eastern Europe non-democracies,Non-democracy,democracy_works_today,civic_membership,Civic national membership,0.1480283872060113,0.027212850605633984,6.668869832409797e-08,***,0.15***,1036
Russia,Eastern Europe,Eastern Europe non-democracies,Non-democracy,democracy_works_today,national_superiority,National superiority and unconditional support,0.24308350537351764,0.03646779647208155,4.2874698634481316e-11,***,0.24***,1035
Russia,Eastern Europe,Eastern Europe non-democracies,Non-democracy,democracy_works_today,nation_state_self_determination,Every nation should have its own state,0.07957890135978074,0.057439582173028296,0.16623519594418368,,0.08,983
Russia,Eastern Europe,Eastern Europe non-democracies,Non-democracy,democracy_works_today,protective_sovereignty,Protectionist/sovereigntist nationalism,0.09945481224473118,0.02839333083579477,0.00048020308097389416,***,0.10***,1038
Russia,Eastern Europe,Eastern Europe non-democracies,Non-democracy,democracy_works_today,anti_immigrant_exclusion,Anti-immigrant exclusion,-0.11233747681045081,0.032936583151554885,0.0006730360223802398,***,-0.11***,1037
Russia,Eastern Europe,Eastern Europe non-democracies,Non-democracy,democracy_works_today,national_pride_non_democracy,"National pride, excluding pride in democracy",0.31180986266177513,0.0315780102207854,4.978116951517811e-22,***,0.31***,1032
Russia,Eastern Europe,Eastern Europe non-democracies,Non-democracy,democracy_works_today,pride_democracy,Pride in the way democracy works,0.4956353955981512,0.0526866678467644,3.483659902655946e-20,***,0.50***,989
Sweden,West,Western democracies,Democracy,democracy_rights_liberal,ascriptive_membership,Closed/ascriptive national membership,-0.1440650557674683,0.03197204029772483,7.145696644347021e-06,***,-0.14***,1435
Sweden,West,Western democracies,Democracy,democracy_rights_liberal,civic_membership,Civic national membership,-0.11447395279951422,0.026177635002910378,1.3144111441638447e-05,***,-0.11***,1436
Sweden,West,Western democracies,Democracy,democracy_rights_liberal,national_superiority,National superiority and unconditional support,-0.08827431514341022,0.029874900164294598,0.0031801378359197744,**,-0.09**,1430
Sweden,West,Western democracies,Democracy,democracy_rights_liberal,nation_state_self_determination,Every nation should have its own state,-0.1745948841966527,0.04394368954604817,7.469529716264359e-05,***,-0.17***,1349
Sweden,West,Western democracies,Democracy,democracy_rights_liberal,protective_sovereignty,Protectionist/sovereigntist nationalism,-0.08136109694755689,0.02346928573400478,0.000542453577911795,***,-0.08***,1439
Sweden,West,Western democracies,Democracy,democracy_rights_liberal,anti_immigrant_exclusion,Anti-immigrant exclusion,-0.24124682281021848,0.025884593282031756,4.2390504819113723e-20,***,-0.24***,1440
Sweden,West,Western democracies,Democracy,democracy_rights_liberal,national_pride_non_democracy,"National pride, excluding pride in democracy",0.07440544606815536,0.02734659826350264,0.006591217220849087,**,0.07**,1428
Sweden,West,Western democracies,Democracy,democracy_rights_liberal,pride_democracy,Pride in the way democracy works,0.05394775321366296,0.04062951773232425,0.18446007843729084,,0.05,1416
Sweden,West,Western democracies,Democracy,democracy_works_today,ascriptive_membership,Closed/ascriptive national membership,-0.11427605462442703,0.028281983759932697,5.61957996205981e-05,***,-0.11***,1414
Sweden,West,Western democracies,Democracy,democracy_works_today,civic_membership,Civic national membership,0.006254415168063687,0.023660393710603342,0.7915557304730564,,0.01,1415
Sweden,West,Western democracies,Democracy,democracy_works_today,national_superiority,National superiority and unconditional support,0.0759802877866802,0.02531108511701891,0.002730793421437559,**,0.08**,1409
Sweden,West,Western democracies,Democracy,democracy_works_today,nation_state_self_determination,Every nation should have its own state,-0.1474830964835414,0.03854076528996752,0.00013594500475849958,***,-0.15***,1329
Sweden,West,Western democracies,Democracy,democracy_works_today,protective_sovereignty,Protectionist/sovereigntist nationalism,-0.1461355414412786,0.020597274523833087,2.0415635069402994e-12,***,-0.15***,1418
Sweden,West,Western democracies,Democracy,democracy_works_today,anti_immigrant_exclusion,Anti-immigrant exclusion,-0.20161716608383085,0.023455520997586087,2.1584028026255254e-17,***,-0.20***,1419
Sweden,West,Western democracies,Democracy,democracy_works_today,national_pride_non_democracy,"National pride, excluding pride in democracy",0.31460212809327537,0.021725862269433727,2.168148211475732e-44,***,0.31***,1408
Sweden,West,Western democracies,Democracy,democracy_works_today,pride_democracy,Pride in the way democracy works,0.77068020728065,0.02571720966028568,8.686497579583027e-153,***,0.77***,1403
Slovenia,Eastern Europe,Eastern Europe democracies,Democracy,democracy_rights_liberal,ascriptive_membership,Closed/ascriptive national membership,-0.017935059641173368,0.053628302031884616,0.7381421459769922,,-0.02,793
Slovenia,Eastern Europe,Eastern Europe democracies,Democracy,democracy_rights_liberal,civic_membership,Civic national membership,0.029409180992708173,0.04615350923764203,0.5241782750978758,,0.03,790
Slovenia,Eastern Europe,Eastern Europe democracies,Democracy,democracy_rights_liberal,national_superiority,National superiority and unconditional support,-0.0998915959473301,0.04918523013069489,0.042598100102171084,*,-0.10*,793
Slovenia,Eastern Europe,Eastern Europe democracies,Democracy,democracy_rights_liberal,nation_state_self_determination,Every nation should have its own state,0.1520549558806188,0.05648452490030654,0.007260135001045303,**,0.15**,762
Slovenia,Eastern Europe,Eastern Europe democracies,Democracy,democracy_rights_liberal,protective_sovereignty,Protectionist/sovereigntist nationalism,-0.018727094104919573,0.03228769246303294,0.5620753520468362,,-0.02,795
Slovenia,Eastern Europe,Eastern Europe democracies,Democracy,democracy_rights_liberal,anti_immigrant_exclusion,Anti-immigrant exclusion,-0.13858117441197138,0.04268070198610147,0.0012158497126470926,**,-0.14**,795
Slovenia,Eastern Europe,Eastern Europe democracies,Democracy,democracy_rights_liberal,national_pride_non_democracy,"National pride, excluding pride in democracy",0.15265225877394784,0.04075220530146883,0.0001928942123586195,***,0.15***,793
Slovenia,Eastern Europe,Eastern Europe democracies,Democracy,democracy_rights_liberal,pride_democracy,Pride in the way democracy works,-0.01419210692294115,0.06268529350109713,0.8209490241926504,,-0.01,769
Slovenia,Eastern Europe,Eastern Europe democracies,Democracy,democracy_works_today,ascriptive_membership,Closed/ascriptive national membership,-0.05672313633133008,0.033912020337145576,0.09479712209312995,,-0.06,784
Slovenia,Eastern Europe,Eastern Europe democracies,Democracy,democracy_works_today,civic_membership,Civic national membership,-0.02143375714579321,0.034048607872378546,0.5292044857510549,,-0.02,780
Slovenia,Eastern Europe,Eastern Europe democracies,Democracy,democracy_works_today,national_superiority,National superiority and unconditional support,0.19640760154082315,0.029244477208321518,3.603177552280243e-11,***,0.20***,784
Slovenia,Eastern Europe,Eastern Europe democracies,Democracy,democracy_works_today,nation_state_self_determination,Every nation should have its own state,0.017660909681567638,0.03844754837274943,0.646115781963161,,0.02,754
Slovenia,Eastern Europe,Eastern Europe democracies,Democracy,democracy_works_today,protective_sovereignty,Protectionist/sovereigntist nationalism,-0.0963108522453533,0.02359263867134522,4.920168032381687e-05,***,-0.10***,786
Slovenia,Eastern Europe,Eastern Europe democracies,Democracy,democracy_works_today,anti_immigrant_exclusion,Anti-immigrant exclusion,-0.15678840391809512,0.02934787490464927,1.2046227266596276e-07,***,-0.16***,786
Slovenia,Eastern Europe,Eastern Europe democracies,Democracy,democracy_works_today,national_pride_non_democracy,"National pride, excluding pride in democracy",0.1776443873673541,0.024352550006842992,7.378114558099999e-13,***,0.18***,785
Slovenia,Eastern Europe,Eastern Europe democracies,Democracy,democracy_works_today,pride_democracy,Pride in the way democracy works,0.5919615032600825,0.02841285664514556,1.3728970226522524e-76,***,0.59***,765
Slovakia,Eastern Europe,Eastern Europe democracies,Democracy,democracy_rights_liberal,ascriptive_membership,Closed/ascriptive national membership,-0.020659718918002667,0.046483206009384354,0.6568209497183594,,-0.02,899
Slovakia,Eastern Europe,Eastern Europe democracies,Democracy,democracy_rights_liberal,civic_membership,Civic national membership,0.18550914310363176,0.04443245741951912,3.270577582053485e-05,***,0.19***,899
Slovakia,Eastern Europe,Eastern Europe democracies,Democracy,democracy_rights_liberal,national_superiority,National superiority and unconditional support,0.0010239735877828338,0.04359365483048073,0.9812654195055663,,0.00,899
Slovakia,Eastern Europe,Eastern Europe democracies,Democracy,democracy_rights_liberal,nation_state_self_determination,Every nation should have its own state,0.1778165914319736,0.052332356743023445,0.000709487127165342,***,0.18***,892
Slovakia,Eastern Europe,Eastern Europe democracies,Democracy,democracy_rights_liberal,protective_sovereignty,Protectionist/sovereigntist nationalism,-0.05840472938190899,0.030905616026672775,0.05911143078125608,,-0.06,899
Slovakia,Eastern Europe,Eastern Europe democracies,Democracy,democracy_rights_liberal,anti_immigrant_exclusion,Anti-immigrant exclusion,-0.19989421345187175,0.033602691875353606,3.875758578707133e-09,***,-0.20***,899
Slovakia,Eastern Europe,Eastern Europe democracies,Democracy,democracy_rights_liberal,national_pride_non_democracy,"National pride, excluding pride in democracy",0.18910448180232287,0.040963005531675985,4.475238254269288e-06,***,0.19***,899
Slovakia,Eastern Europe,Eastern Europe democracies,Democracy,democracy_rights_liberal,pride_democracy,Pride in the way democracy works,0.1475009028899219,0.06420253965478813,0.021826514058698582,*,0.15*,892
Slovakia,Eastern Europe,Eastern Europe democracies,Democracy,democracy_works_today,ascriptive_membership,Closed/ascriptive national membership,0.045263748087842615,0.0328294845334816,0.1683158186347617,,0.05,900
Slovakia,Eastern Europe,Eastern Europe democracies,Democracy,democracy_works_today,civic_membership,Civic national membership,0.1573914221675663,0.031155165429017823,5.304726799155027e-07,***,0.16***,900
Slovakia,Eastern Europe,Eastern Europe democracies,Democracy,democracy_works_today,national_superiority,National superiority and unconditional support,0.2014894404972738,0.036297788619050246,3.7440576215843644e-08,***,0.20***,900
Slovakia,Eastern Europe,Eastern Europe democracies,Democracy,democracy_works_today,nation_state_self_determination,Every nation should have its own state,0.08165783942323035,0.03947367174267155,0.03886670984063252,*,0.08*,893
Slovakia,Eastern Europe,Eastern Europe democracies,Democracy,democracy_works_today,protective_sovereignty,Protectionist/sovereigntist nationalism,0.02656144167649721,0.02678452178205707,0.32162621567234567,,0.03,900
Slovakia,Eastern Europe,Eastern Europe democracies,Democracy,democracy_works_today,anti_immigrant_exclusion,Anti-immigrant exclusion,-0.10431157361627363,0.029842421626541292,0.0004965982405173334,***,-0.10***,900
Slovakia,Eastern Europe,Eastern Europe democracies,Democracy,democracy_works_today,national_pride_non_democracy,"National pride, excluding pride in democracy",0.343827057494944,0.023190435375145934,1.2547861013579235e-44,***,0.34***,900
Slovakia,Eastern Europe,Eastern Europe democracies,Democracy,democracy_works_today,pride_democracy,Pride in the way democracy works,0.6701187695876762,0.03308111765870639,2.7644709603157465e-75,***,0.67***,893
Thailand,South/Southeast Asia,South/Southeast Asia non-democracies,Non-democracy,democracy_rights_liberal,ascriptive_membership,Closed/ascriptive national membership,0.1858751763330062,0.03712507879933571,6.459729090826381e-07,***,0.19***,1088
Thailand,South/Southeast Asia,South/Southeast Asia non-democracies,Non-democracy,democracy_rights_liberal,civic_membership,Civic national membership,0.2772801937217988,0.038445266862569646,1.0323711599037897e-12,***,0.28***,1087
Thailand,South/Southeast Asia,South/Southeast Asia non-democracies,Non-democracy,democracy_rights_liberal,national_superiority,National superiority and unconditional support,0.10572654426459849,0.04154892691381916,0.011080855417602075,*,0.11*,1062
Thailand,South/Southeast Asia,South/Southeast Asia non-democracies,Non-democracy,democracy_rights_liberal,nation_state_self_determination,Every nation should have its own state,0.19491363662649341,0.036451801688670835,1.0977955115695644e-07,***,0.19***,1048
Thailand,South/Southeast Asia,South/Southeast Asia non-democracies,Non-democracy,democracy_rights_liberal,protective_sovereignty,Protectionist/sovereigntist nationalism,0.03591642241634041,0.020868671374605328,0.08552497222412614,,0.04,1085
Thailand,South/Southeast Asia,South/Southeast Asia non-democracies,Non-democracy,democracy_rights_liberal,anti_immigrant_exclusion,Anti-immigrant exclusion,-0.05004365943654854,0.021489615873500706,0.020058710474363573,*,-0.05*,1075
Thailand,South/Southeast Asia,South/Southeast Asia non-democracies,Non-democracy,democracy_rights_liberal,national_pride_non_democracy,"National pride, excluding pride in democracy",0.056602373800007655,0.03041060598797182,0.06297747736391998,,0.06,1086
Thailand,South/Southeast Asia,South/Southeast Asia non-democracies,Non-democracy,democracy_rights_liberal,pride_democracy,Pride in the way democracy works,-0.0384426209701072,0.049368801345059644,0.43633861971116494,,-0.04,1078
Thailand,South/Southeast Asia,South/Southeast Asia non-democracies,Non-democracy,democracy_works_today,ascriptive_membership,Closed/ascriptive national membership,0.11101602776854635,0.02810096682904862,8.312232761837043e-05,***,0.11***,1063
Thailand,South/Southeast Asia,South/Southeast Asia non-democracies,Non-democracy,democracy_works_today,civic_membership,Civic national membership,0.08867301908741076,0.030489559744305603,0.0037099871917641255,**,0.09**,1062
Thailand,South/Southeast Asia,South/Southeast Asia non-democracies,Non-democracy,democracy_works_today,national_superiority,National superiority and unconditional support,0.05566415578014583,0.029646087729694817,0.06071524900991544,,0.06,1036
Thailand,South/Southeast Asia,South/Southeast Asia non-democracies,Non-democracy,democracy_works_today,nation_state_self_determination,Every nation should have its own state,-0.1258784082046711,0.028242198818452222,9.226803038671712e-06,***,-0.13***,1026
Thailand,South/Southeast Asia,South/Southeast Asia non-democracies,Non-democracy,democracy_works_today,protective_sovereignty,Protectionist/sovereigntist nationalism,0.014865338702939823,0.016488962768743436,0.36751132205977305,,0.01,1059
Thailand,South/Southeast Asia,South/Southeast Asia non-democracies,Non-democracy,democracy_works_today,anti_immigrant_exclusion,Anti-immigrant exclusion,-0.06269163659690324,0.018085372315689466,0.000548889732532736,***,-0.06***,1050
Thailand,South/Southeast Asia,South/Southeast Asia non-democracies,Non-democracy,democracy_works_today,national_pride_non_democracy,"National pride, excluding pride in democracy",0.1609581921313139,0.02250071537879532,1.5819853409189472e-12,***,0.16***,1059
Thailand,South/Southeast Asia,South/Southeast Asia non-democracies,Non-democracy,democracy_works_today,pride_democracy,Pride in the way democracy works,0.3975337127873644,0.036887368644456756,9.420468370342526e-26,***,0.40***,1051
Taiwan,East Asia,East Asian democracies,Democracy,democracy_rights_liberal,ascriptive_membership,Closed/ascriptive national membership,0.04638521962754538,0.040456661099243944,0.25176605025296644,,0.05,1415
Taiwan,East Asia,East Asian democracies,Democracy,democracy_rights_liberal,civic_membership,Civic national membership,0.09534082953323164,0.0355551446864467,0.0074150547555448055,**,0.10**,1415
Taiwan,East Asia,East Asian democracies,Democracy,democracy_rights_liberal,national_superiority,National superiority and unconditional support,0.040942127183210886,0.03716655741884812,0.27083034556869023,,0.04,1414
Taiwan,East Asia,East Asian democracies,Democracy,democracy_rights_liberal,nation_state_self_determination,Every nation should have its own state,0.27611549309276384,0.04746707837261757,7.4175124994335615e-09,***,0.28***,1403
Taiwan,East Asia,East Asian democracies,Democracy,democracy_rights_liberal,protective_sovereignty,Protectionist/sovereigntist nationalism,0.04024430491942255,0.025772742391108747,0.11862885211245991,,0.04,1415
Taiwan,East Asia,East Asian democracies,Democracy,democracy_rights_liberal,anti_immigrant_exclusion,Anti-immigrant exclusion,-0.03982976791400539,0.025452480334298828,0.11783845161808514,,-0.04,1415
Taiwan,East Asia,East Asian democracies,Democracy,democracy_rights_liberal,national_pride_non_democracy,"National pride, excluding pride in democracy",0.11804057413503344,0.03354641800067937,0.00044743004333000263,***,0.12***,1414
Taiwan,East Asia,East Asian democracies,Democracy,democracy_rights_liberal,pride_democracy,Pride in the way democracy works,0.11878796967406657,0.0518549842938636,0.022126113435480363,*,0.12*,1392
Taiwan,East Asia,East Asian democracies,Democracy,democracy_works_today,ascriptive_membership,Closed/ascriptive national membership,0.03133667445099375,0.024028071635343408,0.1923893075661825,,0.03,1412
Taiwan,East Asia,East Asian democracies,Democracy,democracy_works_today,civic_membership,Civic national membership,0.15160367168790323,0.020804399542354662,5.260854847346578e-13,***,0.15***,1412
Taiwan,East Asia,East Asian democracies,Democracy,democracy_works_today,national_superiority,National superiority and unconditional support,0.2623526630589663,0.020410439239934314,7.842963344062427e-36,***,0.26***,1411
Taiwan,East Asia,East Asian democracies,Democracy,democracy_works_today,nation_state_self_determination,Every nation should have its own state,0.11241591813175411,0.027080002463949347,3.507032691965354e-05,***,0.11***,1400
Taiwan,East Asia,East Asian democracies,Democracy,democracy_works_today,protective_sovereignty,Protectionist/sovereigntist nationalism,0.06592734847981108,0.01567785512641506,2.774236456629861e-05,***,0.07***,1412
Taiwan,East Asia,East Asian democracies,Democracy,democracy_works_today,anti_immigrant_exclusion,Anti-immigrant exclusion,-0.041012042076445265,0.015537339270776471,0.00839269148064191,**,-0.04**,1412
Taiwan,East Asia,East Asian democracies,Democracy,democracy_works_today,national_pride_non_democracy,"National pride, excluding pride in democracy",0.2518398076575603,0.017830367153904042,1.8678017924989885e-42,***,0.25***,1411
Taiwan,East Asia,East Asian democracies,Democracy,democracy_works_today,pride_democracy,Pride in the way democracy works,0.5655708486505207,0.0264028317385141,3.653380192099221e-88,***,0.57***,1392
United States,West,Western democracies,Democracy,democracy_rights_liberal,ascriptive_membership,Closed/ascriptive national membership,-0.21499045332879518,0.053459832801238893,6.122218253181471e-05,***,-0.21***,1278
United States,West,Western democracies,Democracy,democracy_rights_liberal,civic_membership,Civic national membership,-0.06794412272111217,0.044308556682716355,0.12541870938211125,,-0.07,1276
United States,West,Western democracies,Democracy,democracy_rights_liberal,national_superiority,National superiority and unconditional support,-0.14072384659118597,0.045786255835926805,0.002160673855395963,**,-0.14**,1278
United States,West,Western democracies,Democracy,democracy_rights_liberal,nation_state_self_determination,Every nation should have its own state,0.06310804325182673,0.04824794304958285,0.19113276388766054,,0.06,1173
United States,West,Western democracies,Democracy,democracy_rights_liberal,protective_sovereignty,Protectionist/sovereigntist nationalism,-0.1892404050645382,0.03238378985687845,6.483411665132182e-09,***,-0.19***,1275
United States,West,Western democracies,Democracy,democracy_rights_liberal,anti_immigrant_exclusion,Anti-immigrant exclusion,-0.3264764540567935,0.04637429903269629,3.1358427757181916e-12,***,-0.33***,1278
United States,West,Western democracies,Democracy,democracy_rights_liberal,national_pride_non_democracy,"National pride, excluding pride in democracy",0.0531180060027836,0.048105287398703955,0.26971488183994835,,0.05,1272
United States,West,Western democracies,Democracy,democracy_rights_liberal,pride_democracy,Pride in the way democracy works,0.04305471030462371,0.07945124600119768,0.5879859005626455,,0.04,1223
United States,West,Western democracies,Democracy,democracy_works_today,ascriptive_membership,Closed/ascriptive national membership,-0.016786301773349166,0.04865372670813411,0.7301409986445122,,-0.02,1247
United States,West,Western democracies,Democracy,democracy_works_today,civic_membership,Civic national membership,0.1824504463710097,0.032602503314744374,2.6950535190063078e-08,***,0.18***,1244
United States,West,Western democracies,Democracy,democracy_works_today,national_superiority,National superiority and unconditional support,0.16551505673289846,0.03762252320057866,1.1788912822772219e-05,***,0.17***,1246
United States,West,Western democracies,Democracy,democracy_works_today,nation_state_self_determination,Every nation should have its own state,-0.021901511072099034,0.03757925945189335,0.5601372933924589,,-0.02,1148
United States,West,Western democracies,Democracy,democracy_works_today,protective_sovereignty,Protectionist/sovereigntist nationalism,-0.07474403778832439,0.028161479002599396,0.008053196236143718,**,-0.07**,1246
United States,West,Western democracies,Democracy,democracy_works_today,anti_immigrant_exclusion,Anti-immigrant exclusion,-0.15663888390690195,0.03952186973263563,7.81165171740521e-05,***,-0.16***,1248
United States,West,Western democracies,Democracy,democracy_works_today,national_pride_non_democracy,"National pride, excluding pride in democracy",0.36806912957945315,0.030786174366062825,2.986217844146049e-31,***,0.37***,1241
United States,West,Western democracies,Democracy,democracy_works_today,pride_democracy,Pride in the way democracy works,0.6425626969340374,0.03924180784655625,1.5035126792712004e-54,***,0.64***,1207
South Africa,Other,Other democracies,Democracy,democracy_rights_liberal,ascriptive_membership,Closed/ascriptive national membership,0.17934251742182994,0.029151557828605457,8.707355406439193e-10,***,0.18***,2885
South Africa,Other,Other democracies,Democracy,democracy_rights_liberal,civic_membership,Civic national membership,0.1980196476348226,0.026083796237002195,4.2398237614622524e-14,***,0.20***,2884
South Africa,Other,Other democracies,Democracy,democracy_rights_liberal,national_superiority,National superiority and unconditional support,-0.03428505826874684,0.03207453997208913,0.2851962235769039,,-0.03,2883
South Africa,Other,Other democracies,Democracy,democracy_rights_liberal,nation_state_self_determination,Every nation should have its own state,-0.16641674358534075,0.04611789046624191,0.00031324230749560177,***,-0.17***,2866
South Africa,Other,Other democracies,Democracy,democracy_rights_liberal,protective_sovereignty,Protectionist/sovereigntist nationalism,0.10026922751204737,0.017540267540524818,1.1989031354750788e-08,***,0.10***,2882
South Africa,Other,Other democracies,Democracy,democracy_rights_liberal,anti_immigrant_exclusion,Anti-immigrant exclusion,0.07323822298453386,0.028916070857494116,0.01136874447974545,*,0.07*,2882
South Africa,Other,Other democracies,Democracy,democracy_rights_liberal,national_pride_non_democracy,"National pride, excluding pride in democracy",-0.017998929159642074,0.029711249817392666,0.5446986368716653,,-0.02,2882
South Africa,Other,Other democracies,Democracy,democracy_rights_liberal,pride_democracy,Pride in the way democracy works,-0.1173546951849671,0.046169467766691015,0.011080003182538585,*,-0.12*,2860
South Africa,Other,Other democracies,Democracy,democracy_works_today,ascriptive_membership,Closed/ascriptive national membership,-0.0168101878599769,0.019579444722214942,0.3906533262049178,,-0.02,2876
South Africa,Other,Other democracies,Democracy,democracy_works_today,civic_membership,Civic national membership,0.016308930346199624,0.016487166178313382,0.32265388985288684,,0.02,2875
South Africa,Other,Other democracies,Democracy,democracy_works_today,national_superiority,National superiority and unconditional support,0.11136509658217575,0.020696517201312287,8.010699472515173e-08,***,0.11***,2874
South Africa,Other,Other democracies,Democracy,democracy_works_today,nation_state_self_determination,Every nation should have its own state,0.021749670095276175,0.03485287803979624,0.5326497175258469,,0.02,2858
South Africa,Other,Other democracies,Democracy,democracy_works_today,protective_sovereignty,Protectionist/sovereigntist nationalism,0.00953011230566192,0.015767860186276225,0.5456248185766412,,0.01,2873
South Africa,Other,Other democracies,Democracy,democracy_works_today,anti_immigrant_exclusion,Anti-immigrant exclusion,-0.06439581635497205,0.02073607816847788,0.0019181635688472218,**,-0.06**,2873
South Africa,Other,Other democracies,Democracy,democracy_works_today,national_pride_non_democracy,"National pride, excluding pride in democracy",0.16151825665898145,0.022655572549517597,1.2714481537198037e-12,***,0.16***,2873
South Africa,Other,Other democracies,Democracy,democracy_works_today,pride_democracy,Pride in the way democracy works,0.46999956178562163,0.03546060709095688,5.948921156904733e-39,***,0.47***,2852
