country,region,region_regime,regime_binary,predictor,outcome,outcome_label,corr,p_value,sig,n_pairwise,n_eff
Austria,West,Western democracies,Democracy,democracy_rights_liberal,ascriptive_membership,Closed/ascriptive national membership,-0.24736376791009468,1.5817269839030892e-09,***,1132,579.4753623205747
Austria,West,Western democracies,Democracy,democracy_rights_liberal,civic_membership,Civic national membership,-0.07438945793254208,0.07465147245709147,,1126,575.1379816306184
Austria,West,Western democracies,Democracy,democracy_rights_liberal,national_superiority,National superiority and unconditional support,-0.1566811045479258,0.00017003429106826463,***,1115,571.2406613552236
Austria,West,Western democracies,Democracy,democracy_rights_liberal,nation_state_self_determination,Every nation should have its own state,-0.03082736660386216,0.4912718340061036,,966,500.76461925271065
Austria,West,Western democracies,Democracy,democracy_rights_liberal,protective_sovereignty,Protectionist/sovereigntist nationalism,-0.13348316531536591,0.001270674886925364,**,1132,580.1169135575738
Austria,West,Western democracies,Democracy,democracy_rights_liberal,anti_immigrant_exclusion,Anti-immigrant exclusion,-0.2629313470882245,1.2364173718815e-10,***,1133,580.4878727766173
Austria,West,Western democracies,Democracy,democracy_rights_liberal,national_pride_non_democracy,"National pride, excluding pride in democracy",0.008062292812459513,0.8476491492061027,,1117,570.3168934175205
Austria,West,Western democracies,Democracy,democracy_rights_liberal,pride_democracy,Pride in the way democracy works,-0.011798814096357173,0.782978142512139,,1065,547.4381182859138
Austria,West,Western democracies,Democracy,democracy_works_today,ascriptive_membership,Closed/ascriptive national membership,0.03274037574797342,0.4411335610829673,,1090,555.7193076349112
Austria,West,Western democracies,Democracy,democracy_works_today,civic_membership,Civic national membership,0.1066101803789558,0.01225110739738933,*,1084,551.3807247102155
Austria,West,Western democracies,Democracy,democracy_works_today,national_superiority,National superiority and unconditional support,0.08620284794219187,0.043312184294670604,*,1080,549.9390603948956
Austria,West,Western democracies,Democracy,democracy_works_today,nation_state_self_determination,Every nation should have its own state,-0.07060518060917587,0.12090196506417807,,938,483.85404517644065
Austria,West,Western democracies,Democracy,democracy_works_today,protective_sovereignty,Protectionist/sovereigntist nationalism,-0.2219426776896958,1.2215809324132715e-07,***,1091,556.5438532390208
Austria,West,Western democracies,Democracy,democracy_works_today,anti_immigrant_exclusion,Anti-immigrant exclusion,-0.21861697792150347,1.8799807016772327e-07,***,1092,556.9382588463789
Austria,West,Western democracies,Democracy,democracy_works_today,national_pride_non_democracy,"National pride, excluding pride in democracy",0.27525961232789786,5.334998035260351e-11,***,1079,548.8757827052036
Austria,West,Western democracies,Democracy,democracy_works_today,pride_democracy,Pride in the way democracy works,0.6278816305847652,5.863688262989765e-60,***,1042,534.5888749398379
Australia,West,Western democracies,Democracy,democracy_rights_liberal,ascriptive_membership,Closed/ascriptive national membership,-0.14361124940703832,0.0010551258680345265,**,949,517.2937756999695
Australia,West,Western democracies,Democracy,democracy_rights_liberal,civic_membership,Civic national membership,-0.19383608164610142,9.345075247238343e-06,***,946,515.3608956828028
Australia,West,Western democracies,Democracy,democracy_rights_liberal,national_superiority,National superiority and unconditional support,-0.07548170186829276,0.08740971260906762,,943,513.7971441250266
Australia,West,Western democracies,Democracy,democracy_rights_liberal,nation_state_self_determination,Every nation should have its own state,-0.07743367528002672,0.09031725501125383,,891,479.50299890557096
Australia,West,Western democracies,Democracy,democracy_rights_liberal,protective_sovereignty,Protectionist/sovereigntist nationalism,-0.08889178164325016,0.04377993303253668,*,946,514.9109732506399
Australia,West,Western democracies,Democracy,democracy_rights_liberal,anti_immigrant_exclusion,Anti-immigrant exclusion,-0.34844841975064406,1.9736972792460975e-16,***,965,524.9495216839379
Australia,West,Western democracies,Democracy,democracy_rights_liberal,national_pride_non_democracy,"National pride, excluding pride in democracy",-0.15593136323790224,0.00041343645812067723,***,937,509.11796448886673
Australia,West,Western democracies,Democracy,democracy_rights_liberal,pride_democracy,Pride in the way democracy works,-0.024988490674089862,0.5758711526081893,,908,503.53616911150016
Australia,West,Western democracies,Democracy,democracy_works_today,ascriptive_membership,Closed/ascriptive national membership,-0.0460918819295891,0.3018816778645759,,924,503.676439749494
Australia,West,Western democracies,Democracy,democracy_works_today,civic_membership,Civic national membership,0.20083558494548676,5.793274221374136e-06,***,921,501.7655423492092
Australia,West,Western democracies,Democracy,democracy_works_today,national_superiority,National superiority and unconditional support,0.09890653091832144,0.026846772853148286,*,919,501.00459861374276
Australia,West,Western democracies,Democracy,democracy_works_today,nation_state_self_determination,Every nation should have its own state,-0.0729370827186129,0.11452096692676073,,871,469.4452748076487
Australia,West,Western democracies,Democracy,democracy_works_today,protective_sovereignty,Protectionist/sovereigntist nationalism,-0.14506719678491803,0.0011254647848094753,**,921,501.2918436994562
Australia,West,Western democracies,Democracy,democracy_works_today,anti_immigrant_exclusion,Anti-immigrant exclusion,-0.21134037665563224,1.3932114353165675e-06,***,941,512.2048107581687
Australia,West,Western democracies,Democracy,democracy_works_today,national_pride_non_democracy,"National pride, excluding pride in democracy",0.3895535752019533,1.9371643627406222e-19,***,914,496.4839375288887
Australia,West,Western democracies,Democracy,democracy_works_today,pride_democracy,Pride in the way democracy works,0.6623615745175968,8.343879181980863e-64,***,896,494.87236029878767
Canada,West,Western democracies,Democracy,democracy_rights_liberal,ascriptive_membership,Closed/ascriptive national membership,-0.1662832230066721,6.091186983286556e-07,***,2121,889.9292036342027
Canada,West,Western democracies,Democracy,democracy_rights_liberal,civic_membership,Civic national membership,-0.19732176579206206,2.9094151721043817e-09,***,2121,889.9292036342027
Canada,West,Western democracies,Democracy,democracy_rights_liberal,national_superiority,National superiority and unconditional support,-0.18907851207857662,1.3162013585778358e-08,***,2121,889.9292036342027
Canada,West,Western democracies,Democracy,democracy_rights_liberal,nation_state_self_determination,Every nation should have its own state,-0.019705128810150515,0.575384163957258,,1956,810.3853004359795
Canada,West,Western democracies,Democracy,democracy_rights_liberal,protective_sovereignty,Protectionist/sovereigntist nationalism,-0.02542326343215075,0.4487652464154686,,2121,889.9292036342027
Canada,West,Western democracies,Democracy,democracy_rights_liberal,anti_immigrant_exclusion,Anti-immigrant exclusion,-0.24270668146931612,2.13279995218556e-13,***,2121,889.9292036342027
Canada,West,Western democracies,Democracy,democracy_rights_liberal,national_pride_non_democracy,"National pride, excluding pride in democracy",-0.034522631944233384,0.30416652812844436,,2118,887.8809551950927
Canada,West,Western democracies,Democracy,democracy_rights_liberal,pride_democracy,Pride in the way democracy works,-0.06539264979663598,0.05305787715629848,,2097,875.7258190030576
Canada,West,Western democracies,Democracy,democracy_works_today,ascriptive_membership,Closed/ascriptive national membership,-0.1877915243612136,1.9226607149173654e-08,***,2113,881.8558242204823
Canada,West,Western democracies,Democracy,democracy_works_today,civic_membership,Civic national membership,0.1097459889896753,0.0010974840317855262,**,2113,881.8558242204823
Canada,West,Western democracies,Democracy,democracy_works_today,national_superiority,National superiority and unconditional support,0.285061771304043,5.979096938133441e-18,***,2113,881.8558242204823
Canada,West,Western democracies,Democracy,democracy_works_today,nation_state_self_determination,Every nation should have its own state,-0.043758702853942726,0.2150668187022322,,1951,804.4090232787344
Canada,West,Western democracies,Democracy,democracy_works_today,protective_sovereignty,Protectionist/sovereigntist nationalism,-0.21863001698303353,5.280865340406884e-11,***,2113,881.8558242204823
Canada,West,Western democracies,Democracy,democracy_works_today,anti_immigrant_exclusion,Anti-immigrant exclusion,-0.44882905924465893,6.25409438234329e-45,***,2113,881.8558242204823
Canada,West,Western democracies,Democracy,democracy_works_today,national_pride_non_democracy,"National pride, excluding pride in democracy",0.5116654003503464,6.370186464242353e-60,***,2111,880.658588679006
Canada,West,Western democracies,Democracy,democracy_works_today,pride_democracy,Pride in the way democracy works,0.7143470640191273,3.6944273221888743e-137,***,2095,872.8559312934716
Switzerland,West,Western democracies,Democracy,democracy_rights_liberal,ascriptive_membership,Closed/ascriptive national membership,-0.16000602658776775,1.277885070160682e-19,***,3169,3169.0
Switzerland,West,Western democracies,Democracy,democracy_rights_liberal,civic_membership,Civic national membership,-0.14486095355956927,2.536712490597447e-16,***,3168,3168.0
Switzerland,West,Western democracies,Democracy,democracy_rights_liberal,national_superiority,National superiority and unconditional support,-0.13848028221203246,5.424496663789902e-15,***,3158,3158.0
Switzerland,West,Western democracies,Democracy,democracy_rights_liberal,nation_state_self_determination,Every nation should have its own state,-0.00042320375117521766,0.9813946916535318,,3039,3039.0
Switzerland,West,Western democracies,Democracy,democracy_rights_liberal,protective_sovereignty,Protectionist/sovereigntist nationalism,-0.08769331799879432,7.646667469565276e-07,***,3169,3169.0
Switzerland,West,Western democracies,Democracy,democracy_rights_liberal,anti_immigrant_exclusion,Anti-immigrant exclusion,-0.2505110026417798,1.6139509013372025e-46,***,3167,3167.0
Switzerland,West,Western democracies,Democracy,democracy_rights_liberal,national_pride_non_democracy,"National pride, excluding pride in democracy",-0.07289852599757074,4.3373320733494986e-05,***,3140,3140.0
Switzerland,West,Western democracies,Democracy,democracy_rights_liberal,pride_democracy,Pride in the way democracy works,-0.026349328816153577,0.1436792501400175,,3081,3081.0
Switzerland,West,Western democracies,Democracy,democracy_works_today,ascriptive_membership,Closed/ascriptive national membership,-0.0527332217402456,0.00337110749015955,**,3089,3089.0
Switzerland,West,Western democracies,Democracy,democracy_works_today,civic_membership,Civic national membership,0.19755853252348365,1.5129303542020439e-28,***,3088,3088.0
Switzerland,West,Western democracies,Democracy,democracy_works_today,national_superiority,National superiority and unconditional support,0.14805618082637806,1.4689311168277423e-16,***,3080,3080.0
Switzerland,West,Western democracies,Democracy,democracy_works_today,nation_state_self_determination,Every nation should have its own state,0.007339798505583152,0.6892749669882119,,2970,2970.0
Switzerland,West,Western democracies,Democracy,democracy_works_today,protective_sovereignty,Protectionist/sovereigntist nationalism,-0.15061636382263882,3.814650009370983e-17,***,3091,3091.0
Switzerland,West,Western democracies,Democracy,democracy_works_today,anti_immigrant_exclusion,Anti-immigrant exclusion,-0.16513668518721442,2.5499548238044812e-20,***,3088,3088.0
Switzerland,West,Western democracies,Democracy,democracy_works_today,national_pride_non_democracy,"National pride, excluding pride in democracy",0.2599135636393602,1.4935410743457932e-48,***,3068,3068.0
Switzerland,West,Western democracies,Democracy,democracy_works_today,pride_democracy,Pride in the way democracy works,0.5252342456197902,1.5283155022359406e-213,***,3016,3016.0
Germany,West,Western democracies,Democracy,democracy_rights_liberal,ascriptive_membership,Closed/ascriptive national membership,-0.12558054417587647,3.901363826202453e-06,***,1513,1343.2458446633493
Germany,West,Western democracies,Democracy,democracy_rights_liberal,civic_membership,Civic national membership,-0.05888338008115619,0.03158685825255351,*,1501,1332.8803538217169
Germany,West,Western democracies,Democracy,democracy_rights_liberal,national_superiority,National superiority and unconditional support,-0.10955316446386092,6.404725898892421e-05,***,1493,1325.8711442367462
Germany,West,Western democracies,Democracy,democracy_rights_liberal,nation_state_self_determination,Every nation should have its own state,-0.021153528228817907,0.46135968245716763,,1370,1214.8055966039801
Germany,West,Western democracies,Democracy,democracy_rights_liberal,protective_sovereignty,Protectionist/sovereigntist nationalism,-0.1211938744184731,8.820522084102164e-06,***,1507,1337.3217838554815
Germany,West,Western democracies,Democracy,democracy_rights_liberal,anti_immigrant_exclusion,Anti-immigrant exclusion,-0.19127868319854285,1.5751756312907048e-12,***,1513,1342.652907637915
Germany,West,Western democracies,Democracy,democracy_rights_liberal,national_pride_non_democracy,"National pride, excluding pride in democracy",-0.022129938164682974,0.4221780609362235,,1485,1317.675595877321
Germany,West,Western democracies,Democracy,democracy_rights_liberal,pride_democracy,Pride in the way democracy works,0.037317422746166,0.18141411977036362,,1448,1284.1099496592874
Germany,West,Western democracies,Democracy,democracy_works_today,ascriptive_membership,Closed/ascriptive national membership,-0.1536127856208739,1.9532607625626457e-08,***,1491,1323.3029975042339
Germany,West,Western democracies,Democracy,democracy_works_today,civic_membership,Civic national membership,0.07924404681060881,0.0040877389265463245,**,1477,1311.259056676485
Germany,West,Western democracies,Democracy,democracy_works_today,national_superiority,National superiority and unconditional support,0.0010717812564557544,0.9691456054788654,,1470,1304.9405312774456
Germany,West,Western democracies,Democracy,democracy_works_today,nation_state_self_determination,Every nation should have its own state,-0.18060146370510055,2.718617003268981e-10,***,1358,1204.7348796171523
Germany,West,Western democracies,Democracy,democracy_works_today,protective_sovereignty,Protectionist/sovereigntist nationalism,-0.3391657550750049,6.968589384780034e-37,***,1487,1319.6501309515388
Germany,West,Western democracies,Democracy,democracy_works_today,anti_immigrant_exclusion,Anti-immigrant exclusion,-0.3972618942839282,2.960145094035792e-51,***,1491,1323.0067176183004
Germany,West,Western democracies,Democracy,democracy_works_today,national_pride_non_democracy,"National pride, excluding pride in democracy",0.21903534090374163,1.3586917955292117e-15,***,1466,1300.695005193851
Germany,West,Western democracies,Democracy,democracy_works_today,pride_democracy,Pride in the way democracy works,0.6430382368970851,8.222310168891518e-150,***,1439,1276.1132911587115
Denmark,West,Western democracies,Democracy,democracy_rights_liberal,ascriptive_membership,Closed/ascriptive national membership,-0.08113632096793516,0.011367190632800452,*,1236,972.5404652224531
Denmark,West,Western democracies,Democracy,democracy_rights_liberal,civic_membership,Civic national membership,-0.10013680109249798,0.0017938235557577356,**,1234,969.893449614433
Denmark,West,Western democracies,Democracy,democracy_rights_liberal,national_superiority,National superiority and unconditional support,-0.0999337257233726,0.0019453023244077627,**,1219,959.00947909074
Denmark,West,Western democracies,Democracy,democracy_rights_liberal,nation_state_self_determination,Every nation should have its own state,0.017074235011241255,0.618847710768379,,1087,851.3139543324123
Denmark,West,Western democracies,Democracy,democracy_rights_liberal,protective_sovereignty,Protectionist/sovereigntist nationalism,0.021815667085903302,0.4970728773739424,,1236,971.2914870576906
Denmark,West,Western democracies,Democracy,democracy_rights_liberal,anti_immigrant_exclusion,Anti-immigrant exclusion,-0.17701577581382455,2.777740808654688e-08,***,1236,971.743284857171
Denmark,West,Western democracies,Democracy,democracy_rights_liberal,national_pride_non_democracy,"National pride, excluding pride in democracy",-0.07791045560182033,0.015905975922772434,*,1217,957.283809290023
Denmark,West,Western democracies,Democracy,democracy_rights_liberal,pride_democracy,Pride in the way democracy works,-0.092097552065988,0.004517836819304577,**,1205,949.0679041923606
Denmark,West,Western democracies,Democracy,democracy_works_today,ascriptive_membership,Closed/ascriptive national membership,-0.10105500079515559,0.0017665636438932632,**,1212,955.0477762704568
Denmark,West,Western democracies,Democracy,democracy_works_today,civic_membership,Civic national membership,0.0873572623863665,0.006958130256010907,**,1211,953.3108348461852
Denmark,West,Western democracies,Democracy,democracy_works_today,national_superiority,National superiority and unconditional support,0.13750125908708205,2.2177700843447087e-05,***,1198,945.1262036937927
Denmark,West,Western democracies,Democracy,democracy_works_today,nation_state_self_determination,Every nation should have its own state,-0.033875943477958526,0.3276183520118227,,1067,837.0728765259913
Denmark,West,Western democracies,Democracy,democracy_works_today,protective_sovereignty,Protectionist/sovereigntist nationalism,-0.07322729026496476,0.02365457668288228,*,1213,954.7225152315449
Denmark,West,Western democracies,Democracy,democracy_works_today,anti_immigrant_exclusion,Anti-immigrant exclusion,-0.2543508528935066,1.4856152507205358e-15,***,1212,954.1838357054522
Denmark,West,Western democracies,Democracy,democracy_works_today,national_pride_non_democracy,"National pride, excluding pride in democracy",0.38802302890550117,2.726893902540289e-35,***,1199,944.2459374289969
Denmark,West,Western democracies,Democracy,democracy_works_today,pride_democracy,Pride in the way democracy works,0.6706012869235715,2.698960933543987e-123,***,1188,936.12431583329
Finland,West,Western democracies,Democracy,democracy_rights_liberal,ascriptive_membership,Closed/ascriptive national membership,-0.19751336115278398,1.2836853847022073e-12,***,1348,1267.9008128581602
Finland,West,Western democracies,Democracy,democracy_rights_liberal,civic_membership,Civic national membership,-0.1202688043551535,1.8033791674218594e-05,***,1344,1264.4178868992356
Finland,West,Western democracies,Democracy,democracy_rights_liberal,national_superiority,National superiority and unconditional support,-0.21064671584933456,3.569991551213394e-14,***,1347,1267.019080253406
Finland,West,Western democracies,Democracy,democracy_rights_liberal,nation_state_self_determination,Every nation should have its own state,-0.06717470394406487,0.019908990466796277,*,1276,1200.8798235524164
Finland,West,Western democracies,Democracy,democracy_rights_liberal,protective_sovereignty,Protectionist/sovereigntist nationalism,-0.13889476880153606,7.109466784327382e-07,***,1344,1264.55684893541
Finland,West,Western democracies,Democracy,democracy_rights_liberal,anti_immigrant_exclusion,Anti-immigrant exclusion,-0.2930183271598658,1.7083631918793215e-26,***,1346,1266.4088719264903
Finland,West,Western democracies,Democracy,democracy_rights_liberal,national_pride_non_democracy,"National pride, excluding pride in democracy",0.05960298222182022,0.0340847387852256,*,1344,1264.2725345763674
Finland,West,Western democracies,Democracy,democracy_rights_liberal,pride_democracy,Pride in the way democracy works,-0.028325538301489584,0.31975372455611006,,1314,1235.8437800411778
Finland,West,Western democracies,Democracy,democracy_works_today,ascriptive_membership,Closed/ascriptive national membership,-0.10970171645770606,0.00012247333961212155,***,1299,1221.1041049636576
Finland,West,Western democracies,Democracy,democracy_works_today,civic_membership,Civic national membership,0.1321611723129312,3.738990450101068e-06,***,1294,1216.6362641883097
Finland,West,Western democracies,Democracy,democracy_works_today,national_superiority,National superiority and unconditional support,0.1769979165546223,5.110579947581217e-10,***,1294,1216.2964363605993
Finland,West,Western democracies,Democracy,democracy_works_today,nation_state_self_determination,Every nation should have its own state,-0.03603340372134163,0.2200726425882817,,1233,1160.0119926459809
Finland,West,Western democracies,Democracy,democracy_works_today,protective_sovereignty,Protectionist/sovereigntist nationalism,-0.17322244585763147,1.220081152128581e-09,***,1292,1214.9230348939498
Finland,West,Western democracies,Democracy,democracy_works_today,anti_immigrant_exclusion,Anti-immigrant exclusion,-0.23299133372968256,1.7888584130251459e-16,***,1295,1217.6521249447128
Finland,West,Western democracies,Democracy,democracy_works_today,national_pride_non_democracy,"National pride, excluding pride in democracy",0.35186366163379046,1.024957623248719e-36,***,1292,1214.5429107451762
Finland,West,Western democracies,Democracy,democracy_works_today,pride_democracy,Pride in the way democracy works,0.6726916479847194,2.4361024615354053e-159,***,1280,1203.3061432954185
France,West,Western democracies,Democracy,democracy_rights_liberal,ascriptive_membership,Closed/ascriptive national membership,-0.24330737319045262,1.6987364289791738e-17,***,1891,1190.026780124761
France,West,Western democracies,Democracy,democracy_rights_liberal,civic_membership,Civic national membership,-0.23312906267883943,3.0815409157448146e-16,***,1889,1196.9888479260921
France,West,Western democracies,Democracy,democracy_rights_liberal,national_superiority,National superiority and unconditional support,-0.20279657082114358,1.7113518693954122e-12,***,1887,1188.0795081431477
France,West,Western democracies,Democracy,democracy_rights_liberal,nation_state_self_determination,Every nation should have its own state,-0.10047338502422952,0.0006643492834473026,***,1801,1144.4468972917484
France,West,Western democracies,Democracy,democracy_rights_liberal,protective_sovereignty,Protectionist/sovereigntist nationalism,-0.12558035631686906,1.4276170135332633e-05,***,1887,1187.18392966188
France,West,Western democracies,Democracy,democracy_rights_liberal,anti_immigrant_exclusion,Anti-immigrant exclusion,-0.27151060230659274,1.8025935272893333e-21,***,1884,1184.987957237854
France,West,Western democracies,Democracy,democracy_rights_liberal,national_pride_non_democracy,"National pride, excluding pride in democracy",-0.1335479440716499,3.9437517956339245e-06,***,1875,1185.6496525255304
France,West,Western democracies,Democracy,democracy_rights_liberal,pride_democracy,Pride in the way democracy works,-0.2091815444147191,1.3182857101206012e-12,***,1778,1126.7332124687948
France,West,Western democracies,Democracy,democracy_works_today,ascriptive_membership,Closed/ascriptive national membership,-0.04511501279003229,0.12156160744623049,,1870,1179.0185445659176
France,West,Western democracies,Democracy,democracy_works_today,civic_membership,Civic national membership,0.1581495144697411,4.3645861689307774e-08,***,1868,1186.116999022967
France,West,Western democracies,Democracy,democracy_works_today,national_superiority,National superiority and unconditional support,0.20802244759738892,5.541016871753077e-13,***,1867,1178.0424635707116
France,West,Western democracies,Democracy,democracy_works_today,nation_state_self_determination,Every nation should have its own state,0.016248767540049905,0.5843257126694557,,1783,1135.9410973873976
France,West,Western democracies,Democracy,democracy_works_today,protective_sovereignty,Protectionist/sovereigntist nationalism,-0.1460652127036278,4.878265948633431e-07,***,1866,1176.1726789729705
France,West,Western democracies,Democracy,democracy_works_today,anti_immigrant_exclusion,Anti-immigrant exclusion,-0.16357804460104722,1.732510519350598e-08,***,1863,1173.9849706823297
France,West,Western democracies,Democracy,democracy_works_today,national_pride_non_democracy,"National pride, excluding pride in democracy",0.4640732036586039,1.3546440290964893e-63,***,1857,1171.0338285968257
France,West,Western democracies,Democracy,democracy_works_today,pride_democracy,Pride in the way democracy works,0.7367271862922428,6.000401403611755e-192,***,1768,1118.5230712973992
Greece,West,Western democracies,Democracy,democracy_rights_liberal,ascriptive_membership,Closed/ascriptive national membership,-0.20773009737992465,9.245707179856733e-08,***,1438,649.187875572449
Greece,West,Western democracies,Democracy,democracy_rights_liberal,civic_membership,Civic national membership,-0.1574032129236835,5.601899468081157e-05,***,1437,649.5326379626933
Greece,West,Western democracies,Democracy,democracy_rights_liberal,national_superiority,National superiority and unconditional support,-0.2030316160153499,1.8550319861211653e-07,***,1436,648.1380742435873
Greece,West,Western democracies,Democracy,democracy_rights_liberal,nation_state_self_determination,Every nation should have its own state,-0.1403530072639883,0.0005189617002680282,***,1350,607.9736271371141
Greece,West,Western democracies,Democracy,democracy_rights_liberal,protective_sovereignty,Protectionist/sovereigntist nationalism,-0.057904203470969216,0.14100903239598966,,1436,647.6965017074003
Greece,West,Western democracies,Democracy,democracy_rights_liberal,anti_immigrant_exclusion,Anti-immigrant exclusion,-0.26639049187927977,5.087636483829657e-12,***,1438,649.887396073475
Greece,West,Western democracies,Democracy,democracy_rights_liberal,national_pride_non_democracy,"National pride, excluding pride in democracy",-0.08146342830152696,0.03758489400179151,*,1442,651.860426961939
Greece,West,Western democracies,Democracy,democracy_rights_liberal,pride_democracy,Pride in the way democracy works,-0.18669977015321762,1.6132326605722796e-06,***,1413,651.0001060260231
Greece,West,Western democracies,Democracy,democracy_works_today,ascriptive_membership,Closed/ascriptive national membership,0.10975661798397374,0.004888503435646291,**,1437,656.0018955441244
Greece,West,Western democracies,Democracy,democracy_works_today,civic_membership,Civic national membership,0.2204491340462482,1.1454860580249697e-08,***,1436,656.4174225364911
Greece,West,Western democracies,Democracy,democracy_works_today,national_superiority,National superiority and unconditional support,0.21369229763797776,3.956466922568966e-08,***,1435,647.9995599743551
Greece,West,Western democracies,Democracy,democracy_works_today,nation_state_self_determination,Every nation should have its own state,-0.08152367176206404,0.045151230395063545,*,1354,604.3000007803134
Greece,West,Western democracies,Democracy,democracy_works_today,protective_sovereignty,Protectionist/sovereigntist nationalism,-0.2568811423783512,3.06536227097498e-11,***,1437,649.0087418110891
Greece,West,Western democracies,Democracy,democracy_works_today,anti_immigrant_exclusion,Anti-immigrant exclusion,0.005094852054188615,0.8968194301402371,,1437,650.3561357287055
Greece,West,Western democracies,Democracy,democracy_works_today,national_pride_non_democracy,"National pride, excluding pride in democracy",0.4732762658223428,9.111839885701775e-38,***,1443,653.1755040683508
Greece,West,Western democracies,Democracy,democracy_works_today,pride_democracy,Pride in the way democracy works,0.756892167780658,3.503494226523424e-121,***,1417,646.5861748844687
Croatia,Eastern Europe,Eastern Europe democracies,Democracy,democracy_rights_liberal,ascriptive_membership,Closed/ascriptive national membership,-0.04032904633304326,0.19209039466746555,,1392,1047.8110700162465
Croatia,Eastern Europe,Eastern Europe democracies,Democracy,democracy_rights_liberal,civic_membership,Civic national membership,0.20740711733903125,1.2224725443104685e-11,***,1391,1047.1764121461736
Croatia,Eastern Europe,Eastern Europe democracies,Democracy,democracy_rights_liberal,national_superiority,National superiority and unconditional support,-0.050878425083130806,0.10053705583459673,,1386,1043.0221795418302
Croatia,Eastern Europe,Eastern Europe democracies,Democracy,democracy_rights_liberal,nation_state_self_determination,Every nation should have its own state,0.0609804144413713,0.04981109571108325,*,1375,1035.3175681329753
Croatia,Eastern Europe,Eastern Europe democracies,Democracy,democracy_rights_liberal,protective_sovereignty,Protectionist/sovereigntist nationalism,0.16079896678864403,1.7062785245477543e-07,***,1390,1046.158586148429
Croatia,Eastern Europe,Eastern Europe democracies,Democracy,democracy_rights_liberal,anti_immigrant_exclusion,Anti-immigrant exclusion,0.004109942890968099,0.8942880903323297,,1392,1047.8110700162465
Croatia,Eastern Europe,Eastern Europe democracies,Democracy,democracy_rights_liberal,national_pride_non_democracy,"National pride, excluding pride in democracy",0.08912568115232958,0.004012402070467705,**,1382,1040.5040767469209
Croatia,Eastern Europe,Eastern Europe democracies,Democracy,democracy_rights_liberal,pride_democracy,Pride in the way democracy works,-0.08011459326952908,0.01045691513552888,*,1355,1020.564085461113
Croatia,Eastern Europe,Eastern Europe democracies,Democracy,democracy_works_today,ascriptive_membership,Closed/ascriptive national membership,0.05439225004087131,0.07931295065452801,,1384,1041.6582243221508
Croatia,Eastern Europe,Eastern Europe democracies,Democracy,democracy_works_today,civic_membership,Civic national membership,0.09308549424579038,0.002644347499803551,**,1383,1041.0236948748222
Croatia,Eastern Europe,Eastern Europe democracies,Democracy,democracy_works_today,national_superiority,National superiority and unconditional support,0.19919759149690197,9.704818439313709e-11,***,1378,1036.8699702314934
Croatia,Eastern Europe,Eastern Europe democracies,Democracy,democracy_works_today,nation_state_self_determination,Every nation should have its own state,-0.00999576003332337,0.7486561351741837,,1368,1029.9572854930975
Croatia,Eastern Europe,Eastern Europe democracies,Democracy,democracy_works_today,protective_sovereignty,Protectionist/sovereigntist nationalism,0.05592712656573515,0.07151806286001243,,1381,1039.235913747359
Croatia,Eastern Europe,Eastern Europe democracies,Democracy,democracy_works_today,anti_immigrant_exclusion,Anti-immigrant exclusion,-0.11366671994699329,0.000236847264296086,***,1384,1041.6582243221508
Croatia,Eastern Europe,Eastern Europe democracies,Democracy,democracy_works_today,national_pride_non_democracy,"National pride, excluding pride in democracy",0.25909238986287025,2.571814898101766e-17,***,1373,1033.5829434759466
Croatia,Eastern Europe,Eastern Europe democracies,Democracy,democracy_works_today,pride_democracy,Pride in the way democracy works,0.45282192885570594,1.8186016268632382e-52,***,1348,1015.0893662127936
Hungary,Eastern Europe,Eastern Europe non-democracies,Non-democracy,democracy_rights_liberal,ascriptive_membership,Closed/ascriptive national membership,0.1937992678681966,6.184878815165561e-08,***,1023,767.9983524292716
Hungary,Eastern Europe,Eastern Europe non-democracies,Non-democracy,democracy_rights_liberal,civic_membership,Civic national membership,0.30475413258775735,5.713598121859677e-18,***,1023,767.9983524292716
Hungary,Eastern Europe,Eastern Europe non-democracies,Non-democracy,democracy_rights_liberal,national_superiority,National superiority and unconditional support,0.0649065626995011,0.07235848685992151,,1022,767.2732743317858
Hungary,Eastern Europe,Eastern Europe non-democracies,Non-democracy,democracy_rights_liberal,nation_state_self_determination,Every nation should have its own state,0.2624590534242858,1.6968459510553593e-13,***,1018,763.6864848175691
Hungary,Eastern Europe,Eastern Europe non-democracies,Non-democracy,democracy_rights_liberal,protective_sovereignty,Protectionist/sovereigntist nationalism,0.1310591117860463,0.0002707215319891457,***,1023,767.9983524292716
Hungary,Eastern Europe,Eastern Europe non-democracies,Non-democracy,democracy_rights_liberal,anti_immigrant_exclusion,Anti-immigrant exclusion,0.26423466740085355,9.809682526909217e-14,***,1023,767.9983524292716
Hungary,Eastern Europe,Eastern Europe non-democracies,Non-democracy,democracy_rights_liberal,national_pride_non_democracy,"National pride, excluding pride in democracy",0.12861656102969807,0.0003524181008665559,***,1023,767.9983524292716
Hungary,Eastern Europe,Eastern Europe non-democracies,Non-democracy,democracy_rights_liberal,pride_democracy,Pride in the way democracy works,-0.05846453437203454,0.10694620807936309,,1015,761.4978982272359
Hungary,Eastern Europe,Eastern Europe non-democracies,Non-democracy,democracy_works_today,ascriptive_membership,Closed/ascriptive national membership,0.14636233587662373,4.8807737118845944e-05,***,1018,764.1744698956065
Hungary,Eastern Europe,Eastern Europe non-democracies,Non-democracy,democracy_works_today,civic_membership,Civic national membership,-0.047318683605420936,0.19133009005644183,,1018,764.1744698956065
Hungary,Eastern Europe,Eastern Europe non-democracies,Non-democracy,democracy_works_today,national_superiority,National superiority and unconditional support,0.47384344571815956,5.476926307630599e-44,***,1017,763.4501160336603
Hungary,Eastern Europe,Eastern Europe non-democracies,Non-democracy,democracy_works_today,nation_state_self_determination,Every nation should have its own state,0.03294431942494254,0.3644694107305128,,1013,759.8632019632286
Hungary,Eastern Europe,Eastern Europe non-democracies,Non-democracy,democracy_works_today,protective_sovereignty,Protectionist/sovereigntist nationalism,0.17353549525205714,1.3932159490058373e-06,***,1018,764.1744698956065
Hungary,Eastern Europe,Eastern Europe non-democracies,Non-democracy,democracy_works_today,anti_immigrant_exclusion,Anti-immigrant exclusion,0.05863878580839702,0.10528948948902957,,1018,764.1744698956065
Hungary,Eastern Europe,Eastern Europe non-democracies,Non-democracy,democracy_works_today,national_pride_non_democracy,"National pride, excluding pride in democracy",0.5318575617920356,5.048663326559114e-57,***,1018,764.1744698956065
Hungary,Eastern Europe,Eastern Europe non-democracies,Non-democracy,democracy_works_today,pride_democracy,Pride in the way democracy works,0.7359405445263163,2.757934869291118e-130,***,1011,758.601461067401
Israel,Other,Other democracies,Democracy,democracy_rights_liberal,ascriptive_membership,Closed/ascriptive national membership,-0.1497908956976636,9.56338511538325e-06,***,1171,866.0616718012149
Israel,Other,Other democracies,Democracy,democracy_rights_liberal,civic_membership,Civic national membership,-0.0167139461100615,0.6225052786158622,,1177,869.952945638669
Israel,Other,Other democracies,Democracy,democracy_rights_liberal,national_superiority,National superiority and unconditional support,-0.2888102268562517,3.4418670431388236e-18,***,1176,870.7072529050492
Israel,Other,Other democracies,Democracy,democracy_rights_liberal,nation_state_self_determination,Every nation should have its own state,0.005930966092386852,0.863983476931565,,1122,836.7275420153601
Israel,Other,Other democracies,Democracy,democracy_rights_liberal,protective_sovereignty,Protectionist/sovereigntist nationalism,-0.24478487647137653,2.5303025032906034e-13,***,1176,869.0257735856233
Israel,Other,Other democracies,Democracy,democracy_rights_liberal,anti_immigrant_exclusion,Anti-immigrant exclusion,-0.24917797160574792,1.042202325296333e-13,***,1171,864.9773203442985
Israel,Other,Other democracies,Democracy,democracy_rights_liberal,national_pride_non_democracy,"National pride, excluding pride in democracy",-0.1518309677751053,7.315940650229962e-06,***,1168,864.7043853759569
Israel,Other,Other democracies,Democracy,democracy_rights_liberal,pride_democracy,Pride in the way democracy works,-0.15915407420591768,3.6107400118447472e-06,***,1136,838.9830538697053
Israel,Other,Other democracies,Democracy,democracy_works_today,ascriptive_membership,Closed/ascriptive national membership,0.13767606197588664,5.772845124824663e-05,***,1149,847.7753482336235
Israel,Other,Other democracies,Democracy,democracy_works_today,civic_membership,Civic national membership,0.3251022170547591,2.0486913740600852e-22,***,1155,851.6544872430984
Israel,Other,Other democracies,Democracy,democracy_works_today,national_superiority,National superiority and unconditional support,0.43381208997895016,1.631056342744268e-40,***,1156,854.2539415239102
Israel,Other,Other democracies,Democracy,democracy_works_today,nation_state_self_determination,Every nation should have its own state,0.05830419750149326,0.09429385177261292,,1107,824.631103753005
Israel,Other,Other democracies,Democracy,democracy_works_today,protective_sovereignty,Protectionist/sovereigntist nationalism,0.21396889379994966,2.649887130443717e-10,***,1158,854.2630130684694
Israel,Other,Other democracies,Democracy,democracy_works_today,anti_immigrant_exclusion,Anti-immigrant exclusion,0.06691939286587996,0.05133455198067513,,1151,848.5563555107839
Israel,Other,Other democracies,Democracy,democracy_works_today,national_pride_non_democracy,"National pride, excluding pride in democracy",0.4800962446421404,2.949790429083139e-50,***,1151,850.6838382092324
Israel,Other,Other democracies,Democracy,democracy_works_today,pride_democracy,Pride in the way democracy works,0.7202197201087448,4.008563719905838e-134,***,1129,833.1175496689204
India,South/Southeast Asia,South/Southeast Asia non-democracies,Non-democracy,democracy_rights_liberal,ascriptive_membership,Closed/ascriptive national membership,-0.019774704465115717,0.4920124468987828,,1600,1209.6173812358606
India,South/Southeast Asia,South/Southeast Asia non-democracies,Non-democracy,democracy_rights_liberal,civic_membership,Civic national membership,0.2244792533784174,3.157464479249061e-15,***,1594,1204.8145492973022
India,South/Southeast Asia,South/Southeast Asia non-democracies,Non-democracy,democracy_rights_liberal,national_superiority,National superiority and unconditional support,0.13543848026942046,2.2947298709199963e-06,***,1598,1208.6728233795375
India,South/Southeast Asia,South/Southeast Asia non-democracies,Non-democracy,democracy_rights_liberal,nation_state_self_determination,Every nation should have its own state,0.17298756959198483,2.9257083832185127e-09,***,1539,1162.1713729033456
India,South/Southeast Asia,South/Southeast Asia non-democracies,Non-democracy,democracy_rights_liberal,protective_sovereignty,Protectionist/sovereigntist nationalism,0.12412864945910863,1.5039040451087593e-05,***,1599,1208.885038992203
India,South/Southeast Asia,South/Southeast Asia non-democracies,Non-democracy,democracy_rights_liberal,anti_immigrant_exclusion,Anti-immigrant exclusion,0.10711655676480031,0.00019055088827998873,***,1599,1208.885038992203
India,South/Southeast Asia,South/Southeast Asia non-democracies,Non-democracy,democracy_rights_liberal,national_pride_non_democracy,"National pride, excluding pride in democracy",0.31251612550121793,1.0396487748140249e-28,***,1595,1205.0017116675492
India,South/Southeast Asia,South/Southeast Asia non-democracies,Non-democracy,democracy_rights_liberal,pride_democracy,Pride in the way democracy works,0.14901278165832046,4.647301297810984e-07,***,1498,1133.8671020787592
India,South/Southeast Asia,South/Southeast Asia non-democracies,Non-democracy,democracy_works_today,ascriptive_membership,Closed/ascriptive national membership,-0.021573028275754438,0.4575993503585695,,1569,1187.7966430429217
India,South/Southeast Asia,South/Southeast Asia non-democracies,Non-democracy,democracy_works_today,civic_membership,Civic national membership,0.07116185274480052,0.014360943311047512,*,1563,1182.994134261704
India,South/Southeast Asia,South/Southeast Asia non-democracies,Non-democracy,democracy_works_today,national_superiority,National superiority and unconditional support,-0.08343853110200741,0.004021024469611062,**,1567,1186.8537552188043
India,South/Southeast Asia,South/Southeast Asia non-democracies,Non-democracy,democracy_works_today,nation_state_self_determination,Every nation should have its own state,0.03211920106163822,0.27807455532528014,,1510,1142.302166006837
India,South/Southeast Asia,South/Southeast Asia non-democracies,Non-democracy,democracy_works_today,protective_sovereignty,Protectionist/sovereigntist nationalism,0.09342660956786243,0.0012704947141480264,**,1568,1187.065352534034
India,South/Southeast Asia,South/Southeast Asia non-democracies,Non-democracy,democracy_works_today,anti_immigrant_exclusion,Anti-immigrant exclusion,0.09450386555866018,0.0011145683237230792,**,1568,1187.065352534034
India,South/Southeast Asia,South/Southeast Asia non-democracies,Non-democracy,democracy_works_today,national_pride_non_democracy,"National pride, excluding pride in democracy",0.1211248171855883,2.9284187394292205e-05,***,1565,1184.0849877947667
India,South/Southeast Asia,South/Southeast Asia non-democracies,Non-democracy,democracy_works_today,pride_democracy,Pride in the way democracy works,0.11401838902507215,0.00013652464606249854,***,1470,1114.3846609031211
Italy,West,Western democracies,Democracy,democracy_rights_liberal,ascriptive_membership,Closed/ascriptive national membership,0.005769496283997866,0.8461845955184132,,1133,1133.0
Italy,West,Western democracies,Democracy,democracy_rights_liberal,civic_membership,Civic national membership,0.033743251466777,0.2566404449744532,,1132,1132.0
Italy,West,Western democracies,Democracy,democracy_rights_liberal,national_superiority,National superiority and unconditional support,-0.06626309873256397,0.02578576046829952,*,1132,1132.0
Italy,West,Western democracies,Democracy,democracy_rights_liberal,nation_state_self_determination,Every nation should have its own state,0.0576621196702065,0.058411938708783515,,1078,1078.0
Italy,West,Western democracies,Democracy,democracy_rights_liberal,protective_sovereignty,Protectionist/sovereigntist nationalism,0.017059990398219104,0.5665494840366929,,1131,1131.0
Italy,West,Western democracies,Democracy,democracy_rights_liberal,anti_immigrant_exclusion,Anti-immigrant exclusion,0.043564695056172525,0.14314730636040712,,1131,1131.0
Italy,West,Western democracies,Democracy,democracy_rights_liberal,national_pride_non_democracy,"National pride, excluding pride in democracy",-0.020311573894889544,0.4951770827063626,,1130,1130.0
Italy,West,Western democracies,Democracy,democracy_rights_liberal,pride_democracy,Pride in the way democracy works,-0.07295245436265697,0.014651059924979129,*,1119,1119.0
Italy,West,Western democracies,Democracy,democracy_works_today,ascriptive_membership,Closed/ascriptive national membership,0.16144886410322534,5.399811714997841e-08,***,1122,1122.0
Italy,West,Western democracies,Democracy,democracy_works_today,civic_membership,Civic national membership,0.24840496384073055,3.165574325651525e-17,***,1121,1121.0
Italy,West,Western democracies,Democracy,democracy_works_today,national_superiority,National superiority and unconditional support,0.2207119704136076,7.788636383085452e-14,***,1121,1121.0
Italy,West,Western democracies,Democracy,democracy_works_today,nation_state_self_determination,Every nation should have its own state,-0.0460365135210391,0.13252308133846963,,1069,1069.0
Italy,West,Western democracies,Democracy,democracy_works_today,protective_sovereignty,Protectionist/sovereigntist nationalism,-0.08121401738809665,0.006540066641268582,**,1120,1120.0
Italy,West,Western democracies,Democracy,democracy_works_today,anti_immigrant_exclusion,Anti-immigrant exclusion,-0.05306181396884903,0.07588870952596928,,1120,1120.0
Italy,West,Western democracies,Democracy,democracy_works_today,national_pride_non_democracy,"National pride, excluding pride in democracy",0.46913999155683656,2.577930025894312e-62,***,1119,1119.0
Italy,West,Western democracies,Democracy,democracy_works_today,pride_democracy,Pride in the way democracy works,0.6109838969857366,1.1528834387489026e-114,***,1111,1111.0
South Korea,East Asia,East Asian democracies,Democracy,democracy_rights_liberal,ascriptive_membership,Closed/ascriptive national membership,0.1449933520001111,7.585770618250275e-06,***,1230,945.6598062927242
South Korea,East Asia,East Asian democracies,Democracy,democracy_rights_liberal,civic_membership,Civic national membership,0.10626035393986762,0.001065550614421493,**,1230,945.6598062927242
South Korea,East Asia,East Asian democracies,Democracy,democracy_rights_liberal,national_superiority,National superiority and unconditional support,0.11328735409499635,0.0004822984185227162,***,1230,945.6598062927242
South Korea,East Asia,East Asian democracies,Democracy,democracy_rights_liberal,nation_state_self_determination,Every nation should have its own state,0.020592156021173334,0.5317274848799792,,1203,924.6039734182175
South Korea,East Asia,East Asian democracies,Democracy,democracy_rights_liberal,protective_sovereignty,Protectionist/sovereigntist nationalism,0.053440601662846386,0.10051062212540228,,1230,945.6598062927242
South Korea,East Asia,East Asian democracies,Democracy,democracy_rights_liberal,anti_immigrant_exclusion,Anti-immigrant exclusion,-0.009598986079329373,0.7681463756330041,,1230,945.6598062927242
South Korea,East Asia,East Asian democracies,Democracy,democracy_rights_liberal,national_pride_non_democracy,"National pride, excluding pride in democracy",0.07619182547766534,0.01914584597021581,*,1229,945.13813987908
South Korea,East Asia,East Asian democracies,Democracy,democracy_rights_liberal,pride_democracy,Pride in the way democracy works,-0.03761826769476339,0.2495892746569027,,1216,938.5687529381067
South Korea,East Asia,East Asian democracies,Democracy,democracy_works_today,ascriptive_membership,Closed/ascriptive national membership,0.07460638077348344,0.02198635148529974,*,1226,942.5182373343454
South Korea,East Asia,East Asian democracies,Democracy,democracy_works_today,civic_membership,Civic national membership,0.013429324544589874,0.6805168931452997,,1226,942.5182373343454
South Korea,East Asia,East Asian democracies,Democracy,democracy_works_today,national_superiority,National superiority and unconditional support,0.13548685205168057,3.0029063840739668e-05,***,1226,942.5182373343454
South Korea,East Asia,East Asian democracies,Democracy,democracy_works_today,nation_state_self_determination,Every nation should have its own state,-0.007400999098097977,0.8224765497761002,,1199,921.4701381164992
South Korea,East Asia,East Asian democracies,Democracy,democracy_works_today,protective_sovereignty,Protectionist/sovereigntist nationalism,0.00782071847862624,0.8104971701833957,,1226,942.5182373343454
South Korea,East Asia,East Asian democracies,Democracy,democracy_works_today,anti_immigrant_exclusion,Anti-immigrant exclusion,-0.036205261073480245,0.2668236016432253,,1226,942.5182373343454
South Korea,East Asia,East Asian democracies,Democracy,democracy_works_today,national_pride_non_democracy,"National pride, excluding pride in democracy",0.1958545921956382,1.344527245012573e-09,***,1225,941.9969650751339
South Korea,East Asia,East Asian democracies,Democracy,democracy_works_today,pride_democracy,Pride in the way democracy works,0.26809785247649326,7.155258655869635e-17,***,1213,935.9900704336516
Lithuania,Eastern Europe,Eastern Europe democracies,Democracy,democracy_rights_liberal,ascriptive_membership,Closed/ascriptive national membership,0.0900972459429969,0.0032694075350586387,**,1245,1063.8483261507542
Lithuania,Eastern Europe,Eastern Europe democracies,Democracy,democracy_rights_liberal,civic_membership,Civic national membership,0.03618091383237926,0.23835824605247127,,1245,1063.8483261507542
Lithuania,Eastern Europe,Eastern Europe democracies,Democracy,democracy_rights_liberal,national_superiority,National superiority and unconditional support,0.09358733715856746,0.0022856701543012606,**,1241,1060.1914843329237
Lithuania,Eastern Europe,Eastern Europe democracies,Democracy,democracy_rights_liberal,nation_state_self_determination,Every nation should have its own state,0.11887404522435586,0.00014907096593320084,***,1186,1013.1847331882159
Lithuania,Eastern Europe,Eastern Europe democracies,Democracy,democracy_rights_liberal,protective_sovereignty,Protectionist/sovereigntist nationalism,0.15633238050447945,3.1523644443232554e-07,***,1239,1059.508757985143
Lithuania,Eastern Europe,Eastern Europe democracies,Democracy,democracy_rights_liberal,anti_immigrant_exclusion,Anti-immigrant exclusion,-0.016901682684281157,0.5819843933176649,,1244,1063.1557492312988
Lithuania,Eastern Europe,Eastern Europe democracies,Democracy,democracy_rights_liberal,national_pride_non_democracy,"National pride, excluding pride in democracy",0.1217352547155895,7.071037130054697e-05,***,1241,1060.1914843329237
Lithuania,Eastern Europe,Eastern Europe democracies,Democracy,democracy_rights_liberal,pride_democracy,Pride in the way democracy works,0.04522450760838136,0.14707076591061297,,1204,1029.3746084380923
Lithuania,Eastern Europe,Eastern Europe democracies,Democracy,democracy_works_today,ascriptive_membership,Closed/ascriptive national membership,0.026949497111177396,0.3854923390901138,,1214,1039.0759937323558
Lithuania,Eastern Europe,Eastern Europe democracies,Democracy,democracy_works_today,civic_membership,Civic national membership,0.10660653273808485,0.0005772024318478497,***,1214,1039.0759937323558
Lithuania,Eastern Europe,Eastern Europe democracies,Democracy,democracy_works_today,national_superiority,National superiority and unconditional support,0.18000716464287173,5.354788375146704e-09,***,1211,1036.405184326373
Lithuania,Eastern Europe,Eastern Europe democracies,Democracy,democracy_works_today,nation_state_self_determination,Every nation should have its own state,-0.033054375412828026,0.29890641616786257,,1156,989.5814204110205
Lithuania,Eastern Europe,Eastern Europe democracies,Democracy,democracy_works_today,protective_sovereignty,Protectionist/sovereigntist nationalism,-0.06468423257837938,0.03749003934912931,*,1208,1034.7411947063567
Lithuania,Eastern Europe,Eastern Europe democracies,Democracy,democracy_works_today,anti_immigrant_exclusion,Anti-immigrant exclusion,-0.22498489081703574,2.2104368670537697e-13,***,1213,1038.3822712052572
Lithuania,Eastern Europe,Eastern Europe democracies,Democracy,democracy_works_today,national_pride_non_democracy,"National pride, excluding pride in democracy",0.22042292281822906,7.231662607498643e-13,***,1211,1036.1102533075007
Lithuania,Eastern Europe,Eastern Europe democracies,Democracy,democracy_works_today,pride_democracy,Pride in the way democracy works,0.5115564305049066,1.6901590505046763e-68,***,1181,1010.8232431317447
Mexico,Other,Other democracies,Democracy,democracy_rights_liberal,ascriptive_membership,Closed/ascriptive national membership,0.11167710898058034,0.0003429264889787953,***,1024,1024.0
Mexico,Other,Other democracies,Democracy,democracy_rights_liberal,civic_membership,Civic national membership,0.123944625670125,6.987034313787832e-05,***,1024,1024.0
Mexico,Other,Other democracies,Democracy,democracy_rights_liberal,national_superiority,National superiority and unconditional support,0.1117532507149339,0.000339716310116633,***,1024,1024.0
Mexico,Other,Other democracies,Democracy,democracy_rights_liberal,nation_state_self_determination,Every nation should have its own state,0.07131732997493055,0.029738333512229462,*,929,929.0
Mexico,Other,Other democracies,Democracy,democracy_rights_liberal,protective_sovereignty,Protectionist/sovereigntist nationalism,0.05823431076493385,0.06249000434743737,,1024,1024.0
Mexico,Other,Other democracies,Democracy,democracy_rights_liberal,anti_immigrant_exclusion,Anti-immigrant exclusion,-0.104683274241966,0.0007983895456323407,***,1023,1023.0
Mexico,Other,Other democracies,Democracy,democracy_rights_liberal,national_pride_non_democracy,"National pride, excluding pride in democracy",0.12879935702085596,3.60010795327625e-05,***,1023,1023.0
Mexico,Other,Other democracies,Democracy,democracy_rights_liberal,pride_democracy,Pride in the way democracy works,0.09821886621017276,0.0017309839359243304,**,1015,1015.0
Mexico,Other,Other democracies,Democracy,democracy_works_today,ascriptive_membership,Closed/ascriptive national membership,0.2738898755437255,5.8763277715512395e-19,***,1017,1017.0
Mexico,Other,Other democracies,Democracy,democracy_works_today,civic_membership,Civic national membership,0.2617934057993817,2.1225238066910436e-17,***,1017,1017.0
Mexico,Other,Other democracies,Democracy,democracy_works_today,national_superiority,National superiority and unconditional support,0.191708577885756,7.119690406421322e-10,***,1017,1017.0
Mexico,Other,Other democracies,Democracy,democracy_works_today,nation_state_self_determination,Every nation should have its own state,0.08921695696927878,0.0066240798055579656,**,925,925.0
Mexico,Other,Other democracies,Democracy,democracy_works_today,protective_sovereignty,Protectionist/sovereigntist nationalism,0.1700004938087278,4.911847350241634e-08,***,1017,1017.0
Mexico,Other,Other democracies,Democracy,democracy_works_today,anti_immigrant_exclusion,Anti-immigrant exclusion,0.005023301970115378,0.872943760599587,,1016,1016.0
Mexico,Other,Other democracies,Democracy,democracy_works_today,national_pride_non_democracy,"National pride, excluding pride in democracy",0.37458580168637684,3.4107841734656587e-35,***,1016,1016.0
Mexico,Other,Other democracies,Democracy,democracy_works_today,pride_democracy,Pride in the way democracy works,0.4822097567500801,7.000996560346089e-60,***,1009,1009.0
Netherlands,West,Western democracies,Democracy,democracy_rights_liberal,ascriptive_membership,Closed/ascriptive national membership,-0.07383329060229954,0.008367428112096988,**,1463,1274.5004044963284
Netherlands,West,Western democracies,Democracy,democracy_rights_liberal,civic_membership,Civic national membership,-0.12434565523107446,8.706527889656976e-06,***,1460,1271.610675080666
Netherlands,West,Western democracies,Democracy,democracy_rights_liberal,national_superiority,National superiority and unconditional support,-0.1815777432522822,6.994445953384117e-11,***,1459,1270.773919766263
Netherlands,West,Western democracies,Democracy,democracy_rights_liberal,nation_state_self_determination,Every nation should have its own state,0.028786239020316292,0.3263006560674045,,1337,1164.7847320267101
Netherlands,West,Western democracies,Democracy,democracy_rights_liberal,protective_sovereignty,Protectionist/sovereigntist nationalism,-0.018458063285683373,0.5116726205413565,,1453,1266.2848011341555
Netherlands,West,Western democracies,Democracy,democracy_rights_liberal,anti_immigrant_exclusion,Anti-immigrant exclusion,-0.1374751278467934,8.626582030194734e-07,***,1459,1271.484475876996
Netherlands,West,Western democracies,Democracy,democracy_rights_liberal,national_pride_non_democracy,"National pride, excluding pride in democracy",-0.08726100246654,0.0019443207635569198,**,1445,1258.6283201074139
Netherlands,West,Western democracies,Democracy,democracy_rights_liberal,pride_democracy,Pride in the way democracy works,-0.05422256874258518,0.05831302296454528,,1401,1219.965117481993
Netherlands,West,Western democracies,Democracy,democracy_works_today,ascriptive_membership,Closed/ascriptive national membership,-0.07863389265616544,0.0058529627432073765,**,1407,1227.0127069256282
Netherlands,West,Western democracies,Democracy,democracy_works_today,civic_membership,Civic national membership,0.1312250451591497,4.059930289693535e-06,***,1405,1225.0864187385089
Netherlands,West,Western democracies,Democracy,democracy_works_today,national_superiority,National superiority and unconditional support,0.14913467305042358,1.6015257554319028e-07,***,1403,1223.486486399272
Netherlands,West,Western democracies,Democracy,democracy_works_today,nation_state_self_determination,Every nation should have its own state,-0.09744991000021488,0.0010297901569716855,**,1298,1131.5475716620258
Netherlands,West,Western democracies,Democracy,democracy_works_today,protective_sovereignty,Protectionist/sovereigntist nationalism,-0.28093995987750625,1.3966019614870023e-23,***,1400,1220.9032763525865
Netherlands,West,Western democracies,Democracy,democracy_works_today,anti_immigrant_exclusion,Anti-immigrant exclusion,-0.32650761695836783,7.859630082657359e-32,***,1405,1225.3395247907629
Netherlands,West,Western democracies,Democracy,democracy_works_today,national_pride_non_democracy,"National pride, excluding pride in democracy",0.33866168343314035,4.308971369634226e-34,***,1398,1218.9764299797978
Netherlands,West,Western democracies,Democracy,democracy_works_today,pride_democracy,Pride in the way democracy works,0.655878813519746,7.877981743080177e-148,***,1370,1194.5805548124147
Norway,West,Western democracies,Democracy,democracy_rights_liberal,ascriptive_membership,Closed/ascriptive national membership,-0.15113501486632772,4.322985982595278e-07,***,1108,1108.0
Norway,West,Western democracies,Democracy,democracy_rights_liberal,civic_membership,Civic national membership,-0.1526109465660126,3.2834696370647306e-07,***,1109,1109.0
Norway,West,Western democracies,Democracy,democracy_rights_liberal,national_superiority,National superiority and unconditional support,-0.0994185423267926,0.000960754220936535,***,1100,1100.0
Norway,West,Western democracies,Democracy,democracy_rights_liberal,nation_state_self_determination,Every nation should have its own state,-0.014229361963228984,0.6510161071118237,,1013,1013.0
Norway,West,Western democracies,Democracy,democracy_rights_liberal,protective_sovereignty,Protectionist/sovereigntist nationalism,0.019210612421746782,0.5218313811716093,,1114,1114.0
Norway,West,Western democracies,Democracy,democracy_rights_liberal,anti_immigrant_exclusion,Anti-immigrant exclusion,-0.1902445541629579,1.485095216208441e-10,***,1116,1116.0
Norway,West,Western democracies,Democracy,democracy_rights_liberal,national_pride_non_democracy,"National pride, excluding pride in democracy",-0.01852348788543178,0.5377493590636571,,1109,1109.0
Norway,West,Western democracies,Democracy,democracy_rights_liberal,pride_democracy,Pride in the way democracy works,-0.06500096103190167,0.032363181204356266,*,1084,1084.0
Norway,West,Western democracies,Democracy,democracy_works_today,ascriptive_membership,Closed/ascriptive national membership,-0.11025043278726611,0.00026892907347383585,***,1088,1088.0
Norway,West,Western democracies,Democracy,democracy_works_today,civic_membership,Civic national membership,0.09045119765014463,0.002837301015296863,**,1087,1087.0
Norway,West,Western democracies,Democracy,democracy_works_today,national_superiority,National superiority and unconditional support,0.12106005313484115,6.64896795091555e-05,***,1080,1080.0
Norway,West,Western democracies,Democracy,democracy_works_today,nation_state_self_determination,Every nation should have its own state,-0.034955417338800136,0.27016598083256627,,997,997.0
Norway,West,Western democracies,Democracy,democracy_works_today,protective_sovereignty,Protectionist/sovereigntist nationalism,-0.18266383313252071,1.1569693494788272e-09,***,1094,1094.0
Norway,West,Western democracies,Democracy,democracy_works_today,anti_immigrant_exclusion,Anti-immigrant exclusion,-0.24200265213343078,4.3884058128147643e-16,***,1097,1097.0
Norway,West,Western democracies,Democracy,democracy_works_today,national_pride_non_democracy,"National pride, excluding pride in democracy",0.39379960441250034,9.425635395410629e-42,***,1090,1090.0
Norway,West,Western democracies,Democracy,democracy_works_today,pride_democracy,Pride in the way democracy works,0.6955492739290536,5.797939156617767e-156,***,1073,1073.0
New Zealand,West,Western democracies,Democracy,democracy_rights_liberal,ascriptive_membership,Closed/ascriptive national membership,-0.06256482486284613,0.10129293023596671,,1178,687.1098582901815
New Zealand,West,Western democracies,Democracy,democracy_rights_liberal,civic_membership,Civic national membership,-0.0016763168338949671,0.9651572135050885,,1167,681.5611735363082
New Zealand,West,Western democracies,Democracy,democracy_rights_liberal,national_superiority,National superiority and unconditional support,-0.05542457926586716,0.14548053039475828,,1170,691.2476816239359
New Zealand,West,Western democracies,Democracy,democracy_rights_liberal,nation_state_self_determination,Every nation should have its own state,-0.004528756270095579,0.909642174810846,,1090,630.4887901906784
New Zealand,West,Western democracies,Democracy,democracy_rights_liberal,protective_sovereignty,Protectionist/sovereigntist nationalism,0.131659727135079,0.0005419568851503114,***,1177,686.7763479921044
New Zealand,West,Western democracies,Democracy,democracy_rights_liberal,anti_immigrant_exclusion,Anti-immigrant exclusion,-0.10370632862932602,0.006485968522896914,**,1178,687.776159552296
New Zealand,West,Western democracies,Democracy,democracy_rights_liberal,national_pride_non_democracy,"National pride, excluding pride in democracy",0.10587512226623741,0.005669021038304294,**,1169,681.3531019045265
New Zealand,West,Western democracies,Democracy,democracy_rights_liberal,pride_democracy,Pride in the way democracy works,0.09151168938254259,0.01716775624120049,*,1125,677.8119319817918
New Zealand,West,Western democracies,Democracy,democracy_works_today,ascriptive_membership,Closed/ascriptive national membership,-0.18348923131728456,1.7775210300230139e-06,***,1143,668.8603486345773
New Zealand,West,Western democracies,Democracy,democracy_works_today,civic_membership,Civic national membership,0.14184769085646046,0.00024573139583345625,***,1134,663.9419484061366
New Zealand,West,Western democracies,Democracy,democracy_works_today,national_superiority,National superiority and unconditional support,0.15360290239581215,6.268843038561707e-05,***,1136,673.4327783158539
New Zealand,West,Western democracies,Democracy,democracy_works_today,nation_state_self_determination,Every nation should have its own state,-0.02488952565437942,0.5371611570584793,,1061,617.0530520875865
New Zealand,West,Western democracies,Democracy,democracy_works_today,protective_sovereignty,Protectionist/sovereigntist nationalism,-0.1786423031584776,3.337321224621309e-06,***,1143,668.8531249143375
New Zealand,West,Western democracies,Democracy,democracy_works_today,anti_immigrant_exclusion,Anti-immigrant exclusion,-0.3238741835855078,8.002454540594084e-18,***,1144,669.8530490722874
New Zealand,West,Western democracies,Democracy,democracy_works_today,national_pride_non_democracy,"National pride, excluding pride in democracy",0.35404908493073106,4.781534906167963e-21,***,1136,664.180098736252
New Zealand,West,Western democracies,Democracy,democracy_works_today,pride_democracy,Pride in the way democracy works,0.6626984407404682,2.461880294575096e-85,***,1104,665.1219999414778
Philippines,South/Southeast Asia,South/Southeast Asia non-democracies,Non-democracy,democracy_rights_liberal,ascriptive_membership,Closed/ascriptive national membership,0.07716715935130795,0.0046415303328558415,**,1794,1344.3121278333153
Philippines,South/Southeast Asia,South/Southeast Asia non-democracies,Non-democracy,democracy_rights_liberal,civic_membership,Civic national membership,0.12016851650759387,9.967314579347956e-06,***,1794,1344.3121278333153
Philippines,South/Southeast Asia,South/Southeast Asia non-democracies,Non-democracy,democracy_rights_liberal,national_superiority,National superiority and unconditional support,-0.02897580813610508,0.28852452695193953,,1793,1343.643164294078
Philippines,South/Southeast Asia,South/Southeast Asia non-democracies,Non-democracy,democracy_rights_liberal,nation_state_self_determination,Every nation should have its own state,0.10405546106191345,0.0001504440726646483,***,1766,1322.1643147649563
Philippines,South/Southeast Asia,South/Southeast Asia non-democracies,Non-democracy,democracy_rights_liberal,protective_sovereignty,Protectionist/sovereigntist nationalism,0.02218749963057613,0.4164263082304789,,1793,1343.6251920911986
Philippines,South/Southeast Asia,South/Southeast Asia non-democracies,Non-democracy,democracy_rights_liberal,anti_immigrant_exclusion,Anti-immigrant exclusion,0.026477147853584647,0.33235861262419475,,1792,1342.4482724427635
Philippines,South/Southeast Asia,South/Southeast Asia non-democracies,Non-democracy,democracy_rights_liberal,national_pride_non_democracy,"National pride, excluding pride in democracy",0.08079324375174363,0.0030645561581305685,**,1790,1341.437197274485
Philippines,South/Southeast Asia,South/Southeast Asia non-democracies,Non-democracy,democracy_rights_liberal,pride_democracy,Pride in the way democracy works,0.023610963903401137,0.3931462379550589,,1748,1310.1498445645168
Philippines,South/Southeast Asia,South/Southeast Asia non-democracies,Non-democracy,democracy_works_today,ascriptive_membership,Closed/ascriptive national membership,0.03634475168567657,0.18436560502681235,,1781,1335.5748472361872
Philippines,South/Southeast Asia,South/Southeast Asia non-democracies,Non-democracy,democracy_works_today,civic_membership,Civic national membership,0.051460475160907876,0.06008974141553326,,1781,1335.5748472361872
Philippines,South/Southeast Asia,South/Southeast Asia non-democracies,Non-democracy,democracy_works_today,national_superiority,National superiority and unconditional support,0.11044413015196049,5.258644839737221e-05,***,1780,1334.9062667224698
Philippines,South/Southeast Asia,South/Southeast Asia non-democracies,Non-democracy,democracy_works_today,nation_state_self_determination,Every nation should have its own state,0.066133487258302,0.01649431845598317,*,1754,1314.1799845924882
Philippines,South/Southeast Asia,South/Southeast Asia non-democracies,Non-democracy,democracy_works_today,protective_sovereignty,Protectionist/sovereigntist nationalism,-0.010735758315165883,0.6951418391805911,,1780,1334.8882978798692
Philippines,South/Southeast Asia,South/Southeast Asia non-democracies,Non-democracy,democracy_works_today,anti_immigrant_exclusion,Anti-immigrant exclusion,-0.08710463361140143,0.0014518806736115884,**,1779,1333.7115974004773
Philippines,South/Southeast Asia,South/Southeast Asia non-democracies,Non-democracy,democracy_works_today,national_pride_non_democracy,"National pride, excluding pride in democracy",0.20559856764612883,3.4144323874352435e-14,***,1778,1333.3547979090342
Philippines,South/Southeast Asia,South/Southeast Asia non-democracies,Non-democracy,democracy_works_today,pride_democracy,Pride in the way democracy works,0.29181633749291735,4.7669698372204536e-27,***,1741,1305.7638331735864
Russia,Eastern Europe,Eastern Europe non-democracies,Non-democracy,democracy_rights_liberal,ascriptive_membership,Closed/ascriptive national membership,0.06541303885801687,0.06277728649003995,,1532,809.9649853339695
Russia,Eastern Europe,Eastern Europe non-democracies,Non-democracy,democracy_rights_liberal,civic_membership,Civic national membership,0.04865320773070498,0.16666092214673664,,1531,809.5767185810349
Russia,Eastern Europe,Eastern Europe non-democracies,Non-democracy,democracy_rights_liberal,national_superiority,National superiority and unconditional support,0.019965160919347018,0.5715004329456013,,1524,805.581794735699
Russia,Eastern Europe,Eastern Europe non-democracies,Non-democracy,democracy_rights_liberal,nation_state_self_determination,Every nation should have its own state,0.03180082626607021,0.38307805631239894,,1420,754.424598695606
Russia,Eastern Europe,Eastern Europe non-democracies,Non-democracy,democracy_rights_liberal,protective_sovereignty,Protectionist/sovereigntist nationalism,0.012702466920768308,0.718095527935312,,1533,810.1361430772646
Russia,Eastern Europe,Eastern Europe non-democracies,Non-democracy,democracy_rights_liberal,anti_immigrant_exclusion,Anti-immigrant exclusion,-0.13597098329326374,0.00010273238749773705,***,1533,810.9066439692912
Russia,Eastern Europe,Eastern Europe non-democracies,Non-democracy,democracy_rights_liberal,national_pride_non_democracy,"National pride, excluding pride in democracy",0.05489803881476529,0.12019362056299306,,1518,802.5394247468402
Russia,Eastern Europe,Eastern Europe non-democracies,Non-democracy,democracy_rights_liberal,pride_democracy,Pride in the way democracy works,0.05572129266919056,0.12930601616187523,,1385,742.3852035243336
Russia,Eastern Europe,Eastern Europe non-democracies,Non-democracy,democracy_works_today,ascriptive_membership,Closed/ascriptive national membership,0.12549339187892725,0.0006307153311995176,***,1399,738.4904578168907
Russia,Eastern Europe,Eastern Europe non-democracies,Non-democracy,democracy_works_today,civic_membership,Civic national membership,0.2966655281073089,1.8393297346593298e-16,***,1398,738.0887401975297
Russia,Eastern Europe,Eastern Europe non-democracies,Non-democracy,democracy_works_today,national_superiority,National superiority and unconditional support,0.3095916891864493,8.894996356814612e-18,***,1392,734.3938549029353
Russia,Eastern Europe,Eastern Europe non-democracies,Non-democracy,democracy_works_today,nation_state_self_determination,Every nation should have its own state,0.0434255840556957,0.25303343751771423,,1305,694.6505682848485
Russia,Eastern Europe,Eastern Europe non-democracies,Non-democracy,democracy_works_today,protective_sovereignty,Protectionist/sovereigntist nationalism,0.1200436806152801,0.0010870852519019333,**,1399,737.7935847009732
Russia,Eastern Europe,Eastern Europe non-democracies,Non-democracy,democracy_works_today,anti_immigrant_exclusion,Anti-immigrant exclusion,-0.13625111927416375,0.00020408864087302636,***,1399,738.5667467294987
Russia,Eastern Europe,Eastern Europe non-democracies,Non-democracy,democracy_works_today,national_pride_non_democracy,"National pride, excluding pride in democracy",0.433413599381335,5.202302893246277e-35,***,1391,734.9082638843603
Russia,Eastern Europe,Eastern Europe non-democracies,Non-democracy,democracy_works_today,pride_democracy,Pride in the way democracy works,0.46527061636698486,5.8001254767099205e-39,***,1313,701.3251513009786
Sweden,West,Western democracies,Democracy,democracy_rights_liberal,ascriptive_membership,Closed/ascriptive national membership,-0.17545551828317718,2.502090258193141e-12,***,1571,1571.0
Sweden,West,Western democracies,Democracy,democracy_rights_liberal,civic_membership,Civic national membership,-0.1758586902010559,2.1217079345459396e-12,***,1574,1574.0
Sweden,West,Western democracies,Democracy,democracy_rights_liberal,national_superiority,National superiority and unconditional support,-0.13607278685127833,6.583878431908535e-08,***,1564,1564.0
Sweden,West,Western democracies,Democracy,democracy_rights_liberal,nation_state_self_determination,Every nation should have its own state,-0.1779808124464393,6.823285875479816e-12,***,1465,1465.0
Sweden,West,Western democracies,Democracy,democracy_rights_liberal,protective_sovereignty,Protectionist/sovereigntist nationalism,-0.13876786921971504,3.242329442980512e-08,***,1574,1574.0
Sweden,West,Western democracies,Democracy,democracy_rights_liberal,anti_immigrant_exclusion,Anti-immigrant exclusion,-0.33007856773494115,1.9018997048582215e-41,***,1579,1579.0
Sweden,West,Western democracies,Democracy,democracy_rights_liberal,national_pride_non_democracy,"National pride, excluding pride in democracy",0.09065730559534933,0.0003383203345527118,***,1559,1559.0
Sweden,West,Western democracies,Democracy,democracy_rights_liberal,pride_democracy,Pride in the way democracy works,0.03795565016880524,0.1371756038374847,,1535,1535.0
Sweden,West,Western democracies,Democracy,democracy_works_today,ascriptive_membership,Closed/ascriptive national membership,-0.12414817539331492,1.058034378464141e-06,***,1536,1536.0
Sweden,West,Western democracies,Democracy,democracy_works_today,civic_membership,Civic national membership,0.0171024862550804,0.5024409070490568,,1540,1540.0
Sweden,West,Western democracies,Democracy,democracy_works_today,national_superiority,National superiority and unconditional support,0.08215080712766695,0.0013039703281365713,**,1529,1529.0
Sweden,West,Western democracies,Democracy,democracy_works_today,nation_state_self_determination,Every nation should have its own state,-0.12936854063561068,8.940441405914302e-07,***,1433,1433.0
Sweden,West,Western democracies,Democracy,democracy_works_today,protective_sovereignty,Protectionist/sovereigntist nationalism,-0.2407815407863852,8.90897671423311e-22,***,1542,1542.0
Sweden,West,Western democracies,Democracy,democracy_works_today,anti_immigrant_exclusion,Anti-immigrant exclusion,-0.2563646057687913,1.3547480846141042e-24,***,1544,1544.0
Sweden,West,Western democracies,Democracy,democracy_works_today,national_pride_non_democracy,"National pride, excluding pride in democracy",0.3985711646136759,2.4154632402401116e-59,***,1528,1528.0
Sweden,West,Western democracies,Democracy,democracy_works_today,pride_democracy,Pride in the way democracy works,0.6556937345837525,5.369059042266456e-187,***,1516,1516.0
Slovenia,Eastern Europe,Eastern Europe democracies,Democracy,democracy_rights_liberal,ascriptive_membership,Closed/ascriptive national membership,-0.038364750155944274,0.23518584428561776,,1020,959.2408098493236
Slovenia,Eastern Europe,Eastern Europe democracies,Democracy,democracy_rights_liberal,civic_membership,Civic national membership,0.017496706723540503,0.5894667480688174,,1014,953.4969008223326
Slovenia,Eastern Europe,Eastern Europe democracies,Democracy,democracy_rights_liberal,national_superiority,National superiority and unconditional support,-0.05298237755133302,0.10086993400487879,,1021,960.0445933722028
Slovenia,Eastern Europe,Eastern Europe democracies,Democracy,democracy_rights_liberal,nation_state_self_determination,Every nation should have its own state,0.12403445727036426,0.00017145157279570462,***,972,913.2667661373985
Slovenia,Eastern Europe,Eastern Europe democracies,Democracy,democracy_rights_liberal,protective_sovereignty,Protectionist/sovereigntist nationalism,-0.01572730033781352,0.6261585494616636,,1023,961.7832960827234
Slovenia,Eastern Europe,Eastern Europe democracies,Democracy,democracy_rights_liberal,anti_immigrant_exclusion,Anti-immigrant exclusion,-0.11078266381199346,0.0005843491385760548,***,1021,960.1025716753654
Slovenia,Eastern Europe,Eastern Europe democracies,Democracy,democracy_rights_liberal,national_pride_non_democracy,"National pride, excluding pride in democracy",0.15682769218648665,1.095067229042829e-06,***,1017,956.3539470360822
Slovenia,Eastern Europe,Eastern Europe democracies,Democracy,democracy_rights_liberal,pride_democracy,Pride in the way democracy works,-0.010847067849032778,0.7434560181100517,,971,912.8092409344844
Slovenia,Eastern Europe,Eastern Europe democracies,Democracy,democracy_works_today,ascriptive_membership,Closed/ascriptive national membership,-0.1139335652232331,0.0005013206872129422,***,988,929.4004391910705
Slovenia,Eastern Europe,Eastern Europe democracies,Democracy,democracy_works_today,civic_membership,Civic national membership,-0.05018598399202303,0.12768329795402578,,981,922.6512825798094
Slovenia,Eastern Europe,Eastern Europe democracies,Democracy,democracy_works_today,national_superiority,National superiority and unconditional support,0.19513066872465107,1.9596772577788346e-09,***,989,930.2043554355068
Slovenia,Eastern Europe,Eastern Europe democracies,Democracy,democracy_works_today,nation_state_self_determination,Every nation should have its own state,-0.011556719194760803,0.731037637907973,,944,887.159244869009
Slovenia,Eastern Europe,Eastern Europe democracies,Democracy,democracy_works_today,protective_sovereignty,Protectionist/sovereigntist nationalism,-0.20440464414566867,3.051004374195183e-10,***,990,931.3274089682401
Slovenia,Eastern Europe,Eastern Europe democracies,Democracy,democracy_works_today,anti_immigrant_exclusion,Anti-immigrant exclusion,-0.2836370851508601,1.133038209956389e-18,***,989,930.2614323243777
Slovenia,Eastern Europe,Eastern Europe democracies,Democracy,democracy_works_today,national_pride_non_democracy,"National pride, excluding pride in democracy",0.27743385764476813,7.496650604743932e-18,***,986,927.4365044960311
Slovenia,Eastern Europe,Eastern Europe democracies,Democracy,democracy_works_today,pride_democracy,Pride in the way democracy works,0.6343394144808739,2.2319772421405304e-102,***,956,898.9843647580509
Slovakia,Eastern Europe,Eastern Europe democracies,Democracy,democracy_rights_liberal,ascriptive_membership,Closed/ascriptive national membership,-0.04257942159465763,0.2361679372086,,1022,775.8286383227405
Slovakia,Eastern Europe,Eastern Europe democracies,Democracy,democracy_rights_liberal,civic_membership,Civic national membership,0.16450462176581157,4.1031147683774285e-06,***,1022,775.8286383227405
Slovakia,Eastern Europe,Eastern Europe democracies,Democracy,democracy_rights_liberal,national_superiority,National superiority and unconditional support,-0.030593446851490822,0.3947882781240228,,1022,775.8286383227405
Slovakia,Eastern Europe,Eastern Europe democracies,Democracy,democracy_rights_liberal,nation_state_self_determination,Every nation should have its own state,0.14367760091911508,6.409813340342078e-05,***,1012,768.4664958054394
Slovakia,Eastern Europe,Eastern Europe democracies,Democracy,democracy_rights_liberal,protective_sovereignty,Protectionist/sovereigntist nationalism,-0.1253009527646748,0.0004682977741880924,***,1022,775.8286383227405
Slovakia,Eastern Europe,Eastern Europe democracies,Democracy,democracy_rights_liberal,anti_immigrant_exclusion,Anti-immigrant exclusion,-0.2381363929686091,1.8274995236774686e-11,***,1022,775.8286383227405
Slovakia,Eastern Europe,Eastern Europe democracies,Democracy,democracy_rights_liberal,national_pride_non_democracy,"National pride, excluding pride in democracy",0.16260143548565767,5.373722729300234e-06,***,1021,775.0018537424103
Slovakia,Eastern Europe,Eastern Europe democracies,Democracy,democracy_rights_liberal,pride_democracy,Pride in the way democracy works,0.09804013177063114,0.006651339476317728,**,1009,765.0294675156398
Slovakia,Eastern Europe,Eastern Europe democracies,Democracy,democracy_works_today,ascriptive_membership,Closed/ascriptive national membership,0.06120260140100985,0.08866683926772088,,1020,774.8347707472482
Slovakia,Eastern Europe,Eastern Europe democracies,Democracy,democracy_works_today,civic_membership,Civic national membership,0.18822805611852136,1.3040243961240568e-07,***,1020,774.8347707472482
Slovakia,Eastern Europe,Eastern Europe democracies,Democracy,democracy_works_today,national_superiority,National superiority and unconditional support,0.2252667965251228,2.2671213614054246e-10,***,1020,774.8347707472482
Slovakia,Eastern Europe,Eastern Europe democracies,Democracy,democracy_works_today,nation_state_self_determination,Every nation should have its own state,0.04867881888543879,0.17792706010697784,,1010,767.473475951546
Slovakia,Eastern Europe,Eastern Europe democracies,Democracy,democracy_works_today,protective_sovereignty,Protectionist/sovereigntist nationalism,0.00458717310052916,0.898558597179684,,1020,774.8347707472482
Slovakia,Eastern Europe,Eastern Europe democracies,Democracy,democracy_works_today,anti_immigrant_exclusion,Anti-immigrant exclusion,-0.15457725868182648,1.5472978189881987e-05,***,1020,774.8347707472482
Slovakia,Eastern Europe,Eastern Europe democracies,Democracy,democracy_works_today,national_pride_non_democracy,"National pride, excluding pride in democracy",0.453623584800602,1.36618309786607e-40,***,1020,774.8347707472482
Slovakia,Eastern Europe,Eastern Europe democracies,Democracy,democracy_works_today,pride_democracy,Pride in the way democracy works,0.62994578664788,6.832852571734453e-86,***,1009,765.5729789908507
Thailand,South/Southeast Asia,South/Southeast Asia non-democracies,Non-democracy,democracy_rights_liberal,ascriptive_membership,Closed/ascriptive national membership,0.14709842152668362,1.712423971390857e-08,***,1456,1456.0
Thailand,South/Southeast Asia,South/Southeast Asia non-democracies,Non-democracy,democracy_rights_liberal,civic_membership,Civic national membership,0.22578318323361365,2.8369640491163175e-18,***,1455,1455.0
Thailand,South/Southeast Asia,South/Southeast Asia non-democracies,Non-democracy,democracy_rights_liberal,national_superiority,National superiority and unconditional support,0.06123053184029355,0.020982992106221305,*,1421,1421.0
Thailand,South/Southeast Asia,South/Southeast Asia non-democracies,Non-democracy,democracy_rights_liberal,nation_state_self_determination,Every nation should have its own state,0.140011427406451,2.0826423528854698e-07,***,1364,1364.0
Thailand,South/Southeast Asia,South/Southeast Asia non-democracies,Non-democracy,democracy_rights_liberal,protective_sovereignty,Protectionist/sovereigntist nationalism,0.07455876890154477,0.004516477298208557,**,1449,1449.0
Thailand,South/Southeast Asia,South/Southeast Asia non-democracies,Non-democracy,democracy_rights_liberal,anti_immigrant_exclusion,Anti-immigrant exclusion,-0.05787185396883334,0.028310367984902215,*,1436,1436.0
Thailand,South/Southeast Asia,South/Southeast Asia non-democracies,Non-democracy,democracy_rights_liberal,national_pride_non_democracy,"National pride, excluding pride in democracy",0.06754265382260244,0.01014375872363929,*,1448,1448.0
Thailand,South/Southeast Asia,South/Southeast Asia non-democracies,Non-democracy,democracy_rights_liberal,pride_democracy,Pride in the way democracy works,-0.03327346705257153,0.2073037755274308,,1438,1438.0
Thailand,South/Southeast Asia,South/Southeast Asia non-democracies,Non-democracy,democracy_works_today,ascriptive_membership,Closed/ascriptive national membership,0.12181340943350764,4.458999954168538e-06,***,1411,1411.0
Thailand,South/Southeast Asia,South/Southeast Asia non-democracies,Non-democracy,democracy_works_today,civic_membership,Civic national membership,0.09354646677652749,0.00043601592112849926,***,1410,1410.0
Thailand,South/Southeast Asia,South/Southeast Asia non-democracies,Non-democracy,democracy_works_today,national_superiority,National superiority and unconditional support,0.03410624006388086,0.20642743073637143,,1374,1374.0
Thailand,South/Southeast Asia,South/Southeast Asia non-democracies,Non-democracy,democracy_works_today,nation_state_self_determination,Every nation should have its own state,-0.09983394223827721,0.0002759138675943898,***,1323,1323.0
Thailand,South/Southeast Asia,South/Southeast Asia non-democracies,Non-democracy,democracy_works_today,protective_sovereignty,Protectionist/sovereigntist nationalism,0.009839377235678815,0.7127994471340066,,1402,1402.0
Thailand,South/Southeast Asia,South/Southeast Asia non-democracies,Non-democracy,democracy_works_today,anti_immigrant_exclusion,Anti-immigrant exclusion,-0.09330209111380267,0.0004981125747020628,***,1389,1389.0
Thailand,South/Southeast Asia,South/Southeast Asia non-democracies,Non-democracy,democracy_works_today,national_pride_non_democracy,"National pride, excluding pride in democracy",0.2168329827522302,2.1141878211889244e-16,***,1404,1404.0
Thailand,South/Southeast Asia,South/Southeast Asia non-democracies,Non-democracy,democracy_works_today,pride_democracy,Pride in the way democracy works,0.3219465677036688,5.251129662839622e-35,***,1395,1395.0
Taiwan,East Asia,East Asian democracies,Democracy,democracy_rights_liberal,ascriptive_membership,Closed/ascriptive national membership,0.057200008514126065,0.029287140793164666,*,1561,1452.1054638890369
Taiwan,East Asia,East Asian democracies,Democracy,democracy_rights_liberal,civic_membership,Civic national membership,0.11327556842344061,1.5332970477019904e-05,***,1559,1450.1621053325318
Taiwan,East Asia,East Asian democracies,Democracy,democracy_rights_liberal,national_superiority,National superiority and unconditional support,0.04114666156777748,0.11730127908433939,,1559,1450.1331636207785
Taiwan,East Asia,East Asian democracies,Democracy,democracy_rights_liberal,nation_state_self_determination,Every nation should have its own state,0.15988468796952485,1.2785469838448077e-09,***,1533,1425.3602713965313
Taiwan,East Asia,East Asian democracies,Democracy,democracy_rights_liberal,protective_sovereignty,Protectionist/sovereigntist nationalism,0.05483432474338084,0.036744023914819665,*,1560,1451.1065992076626
Taiwan,East Asia,East Asian democracies,Democracy,democracy_rights_liberal,anti_immigrant_exclusion,Anti-immigrant exclusion,-0.024862441419732772,0.34392438700528555,,1560,1451.1518202372558
Taiwan,East Asia,East Asian democracies,Democracy,democracy_rights_liberal,national_pride_non_democracy,"National pride, excluding pride in democracy",0.10313037915502414,8.427212386021325e-05,***,1557,1448.3220294743378
Taiwan,East Asia,East Asian democracies,Democracy,democracy_rights_liberal,pride_democracy,Pride in the way democracy works,0.05525221968518924,0.037649777849756295,*,1523,1415.6827953318402
Taiwan,East Asia,East Asian democracies,Democracy,democracy_works_today,ascriptive_membership,Closed/ascriptive national membership,0.06808150973993192,0.00977625161588115,**,1548,1439.307583650657
Taiwan,East Asia,East Asian democracies,Democracy,democracy_works_today,civic_membership,Civic national membership,0.24275942481611512,9.458274013117235e-21,***,1548,1439.307583650657
Taiwan,East Asia,East Asian democracies,Democracy,democracy_works_today,national_superiority,National superiority and unconditional support,0.3722391559117672,1.7018119900408396e-48,***,1547,1438.3242409268682
Taiwan,East Asia,East Asian democracies,Democracy,democracy_works_today,nation_state_self_determination,Every nation should have its own state,0.1422817880089723,7.38979056897211e-08,***,1526,1418.4972460914842
Taiwan,East Asia,East Asian democracies,Democracy,democracy_works_today,protective_sovereignty,Protectionist/sovereigntist nationalism,0.1202884051116237,4.735284278157073e-06,***,1548,1439.307583650657
Taiwan,East Asia,East Asian democracies,Democracy,democracy_works_today,anti_immigrant_exclusion,Anti-immigrant exclusion,-0.06979693805167012,0.008075398556095873,**,1548,1439.307583650657
Taiwan,East Asia,East Asian democracies,Democracy,democracy_works_today,national_pride_non_democracy,"National pride, excluding pride in democracy",0.4152889124280853,5.438572009918158e-61,***,1545,1436.51356379867
Taiwan,East Asia,East Asian democracies,Democracy,democracy_works_today,pride_democracy,Pride in the way democracy works,0.5572598727123008,6.81528633774721e-116,***,1518,1410.7214385792872
United States,West,Western democracies,Democracy,democracy_rights_liberal,ascriptive_membership,Closed/ascriptive national membership,-0.18256504485816233,2.1319935956259426e-07,***,1561,796.335902361339
United States,West,Western democracies,Democracy,democracy_rights_liberal,civic_membership,Civic national membership,-0.09761315038671774,0.005875900271190191,**,1558,795.0587428381283
United States,West,Western democracies,Democracy,democracy_rights_liberal,national_superiority,National superiority and unconditional support,-0.15500461293424653,1.1319416769111792e-05,***,1560,795.0530129655464
United States,West,Western democracies,Democracy,democracy_rights_liberal,nation_state_self_determination,Every nation should have its own state,0.030545424891243848,0.41174755502225324,,1419,724.2769854319449
United States,West,Western democracies,Democracy,democracy_rights_liberal,protective_sovereignty,Protectionist/sovereigntist nationalism,-0.2492428185192565,9.893307386091755e-13,***,1560,795.5879559552594
United States,West,Western democracies,Democracy,democracy_rights_liberal,anti_immigrant_exclusion,Anti-immigrant exclusion,-0.3251683038052251,4.3629707059767426e-21,***,1562,797.1294282299932
United States,West,Western democracies,Democracy,democracy_rights_liberal,national_pride_non_democracy,"National pride, excluding pride in democracy",0.03476868404746199,0.3301820473344448,,1544,786.3865942368872
United States,West,Western democracies,Democracy,democracy_rights_liberal,pride_democracy,Pride in the way democracy works,0.03445508535499144,0.3469731136270803,,1459,747.1142567741907
United States,West,Western democracies,Democracy,democracy_works_today,ascriptive_membership,Closed/ascriptive national membership,-0.002489254724977775,0.9452790357452231,,1487,762.7720190224279
United States,West,Western democracies,Democracy,democracy_works_today,civic_membership,Civic national membership,0.22936475632754655,1.5112936753726242e-10,***,1484,761.4214957171266
United States,West,Western democracies,Democracy,democracy_works_today,national_superiority,National superiority and unconditional support,0.192736248422868,8.378599515191649e-08,***,1485,761.0947893743314
United States,West,Western democracies,Democracy,democracy_works_today,nation_state_self_determination,Every nation should have its own state,-0.029549173386887204,0.4350968390580971,,1359,699.8726898825494
United States,West,Western democracies,Democracy,democracy_works_today,protective_sovereignty,Protectionist/sovereigntist nationalism,-0.07832376875705534,0.030426467583001507,*,1488,763.8595334773938
United States,West,Western democracies,Democracy,democracy_works_today,anti_immigrant_exclusion,Anti-immigrant exclusion,-0.16434304089387444,4.91744977417036e-06,***,1490,764.7017381053095
United States,West,Western democracies,Democracy,democracy_works_today,national_pride_non_democracy,"National pride, excluding pride in democracy",0.44633518201755634,2.951469762251564e-38,***,1474,755.3120873189625
United States,West,Western democracies,Democracy,democracy_works_today,pride_democracy,Pride in the way democracy works,0.5923233850329245,7.36139647997976e-70,***,1423,724.9475947517241
South Africa,Other,Other democracies,Democracy,democracy_rights_liberal,ascriptive_membership,Closed/ascriptive national membership,0.22739899047484222,3.855582386648169e-13,***,3105,995.3436368959234
South Africa,Other,Other democracies,Democracy,democracy_rights_liberal,civic_membership,Civic national membership,0.24943034660208105,1.4146845696323237e-15,***,3104,994.8986581835615
South Africa,Other,Other democracies,Democracy,democracy_rights_liberal,national_superiority,National superiority and unconditional support,-0.05355965920904425,0.0912967838673787,,3103,995.0499783375101
South Africa,Other,Other democracies,Democracy,democracy_rights_liberal,nation_state_self_determination,Every nation should have its own state,-0.14084366762262224,9.046427838963541e-06,***,3082,985.8573486712027
South Africa,Other,Other democracies,Democracy,democracy_rights_liberal,protective_sovereignty,Protectionist/sovereigntist nationalism,0.16423831223878302,1.906239431768319e-07,***,3102,994.4980678689459
South Africa,Other,Other democracies,Democracy,democracy_rights_liberal,anti_immigrant_exclusion,Anti-immigrant exclusion,0.10157816541007661,0.0013464808454513567,**,3102,993.433449527011
South Africa,Other,Other democracies,Democracy,democracy_rights_liberal,national_pride_non_democracy,"National pride, excluding pride in democracy",-0.00717458400943765,0.8212711311835196,,3102,993.9427797898586
South Africa,Other,Other democracies,Democracy,democracy_rights_liberal,pride_democracy,Pride in the way democracy works,-0.04376272098627179,0.15802351051608232,,3076,1042.1587778057185
South Africa,Other,Other democracies,Democracy,democracy_works_today,ascriptive_membership,Closed/ascriptive national membership,0.005809963543832718,0.855029173225379,,3095,991.3913955319599
South Africa,Other,Other democracies,Democracy,democracy_works_today,civic_membership,Civic national membership,0.0530962446439652,0.09482026604773924,,3094,990.945886336409
South Africa,Other,Other democracies,Democracy,democracy_works_today,national_superiority,National superiority and unconditional support,0.15018730363963262,2.042774346257249e-06,***,3093,991.0973431725075
South Africa,Other,Other democracies,Democracy,democracy_works_today,nation_state_self_determination,Every nation should have its own state,0.011684636166259824,0.7145890586738356,,3073,981.9662288171857
South Africa,Other,Other democracies,Democracy,democracy_works_today,protective_sovereignty,Protectionist/sovereigntist nationalism,-0.00833027049398574,0.7934359714423939,,3092,990.5447883223009
South Africa,Other,Other democracies,Democracy,democracy_works_today,anti_immigrant_exclusion,Anti-immigrant exclusion,-0.10751634360677569,0.0007051063484440061,***,3092,989.4815717635989
South Africa,Other,Other democracies,Democracy,democracy_works_today,national_pride_non_democracy,"National pride, excluding pride in democracy",0.25101642454677875,1.0860375086984857e-15,***,3092,989.9895644366633
South Africa,Other,Other democracies,Democracy,democracy_works_today,pride_democracy,Pride in the way democracy works,0.4098630038157871,2.4504173091803746e-43,***,3067,1038.4345048320522
